S.No,Timestamp,Age,Gender,Country,state,self_employed,family_history,treatment,work_interfere,no_employees,remote_work,tech_company,benefits,care_options,wellness_program,seek_help,anonymity,leave,mental_health_consequence,phys_health_consequence,coworkers,supervisor,mental_health_interview,phys_health_interview,mental_vs_physical,obs_consequence,comments,age_bin
1,2014-08-27 11:29:00,37.0,Female,United States,IL,,No,Yes,Often,6-25,No,Yes,Yes,,No,Yes,Yes,Somewhat easy,No,No,Some of them,Yes,No,Maybe,Yes,No,,31-40
2,2014-08-27 11:29:00,44.0,Male,United States,IN,,No,No,Rarely,1000+,No,No,,No,,,,,Maybe,No,No,No,No,No,,No,,41-50
3,2014-08-27 11:29:00,32.0,Male,Canada,,,No,No,Rarely,6-25,No,Yes,No,No,No,No,,Somewhat difficult,No,No,Yes,Yes,Yes,Yes,No,No,,31-40
4,2014-08-27 11:29:00,31.0,Male,United Kingdom,,,Yes,Yes,Often,26-100,No,Yes,No,Yes,No,No,No,Somewhat difficult,Yes,Yes,Some of them,No,Maybe,Maybe,No,Yes,,31-40
5,2014-08-27 11:30:00,31.0,Male,United States,TX,,No,No,Never,100-500,Yes,Yes,Yes,No,,,,,No,No,Some of them,Yes,Yes,Yes,,No,,31-40
6,2014-08-27 11:31:00,33.0,Male,United States,TN,,Yes,No,Sometimes,6-25,No,Yes,Yes,,No,,,,No,No,Yes,Yes,No,Maybe,,No,,31-40
7,2014-08-27 11:31:00,35.0,Female,United States,MI,,Yes,Yes,Sometimes,1-5,Yes,Yes,No,No,No,No,No,Somewhat difficult,Maybe,Maybe,Some of them,No,No,No,,No,,31-40
8,2014-08-27 11:32:00,39.0,Male,Canada,,,No,No,Never,1-5,Yes,Yes,No,Yes,No,No,Yes,,No,No,No,No,No,No,No,No,,31-40
9,2014-08-27 11:32:00,42.0,Female,United States,IL,,Yes,Yes,Sometimes,100-500,No,Yes,Yes,Yes,No,No,No,Very difficult,Maybe,No,Yes,Yes,No,Maybe,No,No,,41-50
10,2014-08-27 11:32:00,23.0,Male,Canada,,,No,No,Never,26-100,No,Yes,,No,,,,,No,No,Yes,Yes,Maybe,Maybe,Yes,No,,21-30
11,2014-08-27 11:32:00,31.0,Male,United States,OH,,No,Yes,Sometimes,6-25,Yes,Yes,,No,No,No,,,No,No,Some of them,Yes,No,No,,No,,31-40
12,2014-08-27 11:32:00,29.0,Male,Bulgaria,,,No,No,Never,100-500,Yes,Yes,,,No,No,,,No,No,Yes,Yes,Yes,Yes,,No,,21-30
13,2014-08-27 11:33:00,42.0,Female,United States,CA,,Yes,Yes,Sometimes,26-100,No,No,Yes,Yes,No,No,,Somewhat difficult,Yes,Yes,Yes,Yes,Maybe,Maybe,No,Yes,,41-50
14,2014-08-27 11:33:00,36.0,Male,United States,CT,,Yes,No,Never,500-1000,No,Yes,,,No,,,,No,No,Yes,Yes,No,No,,No,I'm not on my company's health insurance which could be part of the reason I answered Don't know to so many questions.,31-40
15,2014-08-27 11:33:00,27.0,Male,Canada,,,No,No,Never,6-25,No,Yes,,,,,,Somewhat easy,No,No,Some of them,Some of them,Maybe,Yes,Yes,No,,21-30
16,2014-08-27 11:34:00,29.0,Female,United States,IL,,Yes,Yes,Rarely,26-100,No,Yes,Yes,,No,No,,Somewhat easy,No,No,Yes,Some of them,Maybe,Maybe,,No,I have chronic low-level neurological issues that have mental health side effects. One of my supervisors has also experienced similar neurological problems so I feel more comfortable being open about my issues than I would with someone without that experience.,21-30
17,2014-08-27 11:34:00,23.0,Male,United Kingdom,,,No,Yes,Sometimes,26-100,Yes,Yes,,No,,,,Very easy,Maybe,No,Some of them,No,Maybe,Maybe,No,No,My company does provide healthcare but not to me as I'm on a fixed-term contract. The mental healthcare I use is provided entirely outside of my work.,21-30
18,2014-08-27 11:34:00,32.0,Male,United States,TN,,No,Yes,Sometimes,6-25,No,Yes,Yes,Yes,No,,,,Maybe,No,Some of them,Yes,No,No,No,No,,31-40
19,2014-08-27 11:34:00,46.0,Male,United States,MD,Yes,Yes,No,Sometimes,1-5,Yes,Yes,Yes,,Yes,,Yes,Very easy,No,No,Yes,Yes,No,Yes,Yes,Yes,,41-50
20,2014-08-27 11:35:00,36.0,Male,France,,Yes,Yes,No,,6-25,Yes,Yes,No,No,Yes,No,Yes,Somewhat easy,No,No,Some of them,Some of them,Maybe,Maybe,,No,,31-40
21,2014-08-27 11:35:00,29.0,Male,United States,NY,No,Yes,Yes,Sometimes,100-500,No,Yes,Yes,Yes,No,No,No,Somewhat difficult,Maybe,No,Some of them,Some of them,No,No,No,No,,21-30
22,2014-08-27 11:35:00,31.0,Male,United States,NC,Yes,No,No,Never,1-5,Yes,Yes,No,No,No,No,Yes,Somewhat difficult,No,No,Some of them,Some of them,No,Maybe,Yes,No,,31-40
23,2014-08-27 11:35:00,46.0,Male,United States,MA,No,No,Yes,Often,26-100,Yes,Yes,Yes,Yes,No,No,,,Maybe,No,Some of them,Yes,No,Maybe,No,No,,41-50
24,2014-08-27 11:36:00,41.0,Male,United States,IA,No,No,Yes,Never,1000+,No,No,,No,No,,,,Maybe,No,No,No,No,Yes,,No,,41-50
25,2014-08-27 11:36:00,33.0,Male,United States,CA,No,Yes,Yes,Rarely,26-100,No,Yes,Yes,,,Yes,Yes,,No,No,Yes,Yes,No,Yes,,No,Relatively new job. Ask again later,31-40
26,2014-08-27 11:37:00,35.0,Male,United States,TN,No,Yes,Yes,Sometimes,1000+,No,No,Yes,Yes,No,,No,Very easy,Yes,No,Some of them,Yes,No,Yes,No,No,Sometimes I think  about using drugs for my mental health issues. If i use drugs I feel better,31-40
27,2014-08-27 11:37:00,33.0,Male,United States,TN,No,No,No,,1-5,No,Yes,,,No,,,,Maybe,Maybe,Some of them,No,No,No,,No,,31-40
28,2014-08-27 11:37:00,35.0,Female,United States,CA,No,Yes,Yes,Rarely,6-25,Yes,Yes,Yes,Yes,,,,,No,No,Yes,Yes,Maybe,Maybe,Yes,No,,31-40
29,2014-08-27 11:38:00,34.0,Male,United States,OH,No,No,Yes,Sometimes,26-100,Yes,Yes,,,No,,,Somewhat difficult,No,No,Some of them,No,No,No,No,No,,31-40
30,2014-08-27 11:38:00,37.0,Male,United Kingdom,,No,No,No,Sometimes,6-25,No,Yes,No,No,No,No,,Very difficult,Yes,Maybe,Some of them,No,No,Maybe,No,No,,31-40
31,2014-08-27 11:39:00,32.0,Male,United Kingdom,,No,No,No,Never,6-25,Yes,Yes,No,No,No,No,,,Yes,Yes,Some of them,Some of them,No,Maybe,No,No,,31-40
32,2014-08-27 11:38:00,31.0,Male,United States,PA,Yes,Yes,No,Rarely,1-5,Yes,Yes,No,Yes,No,No,,Somewhat difficult,Yes,No,No,No,No,No,No,Yes,,31-40
33,2014-08-27 11:39:00,30.0,Male,United Kingdom,,No,Yes,Yes,Sometimes,500-1000,Yes,Yes,,No,No,No,Yes,Somewhat easy,Maybe,No,Some of them,Yes,No,Yes,,No,,21-30
34,2014-08-27 11:39:00,42.0,Male,United States,WA,No,Yes,Yes,Sometimes,26-100,Yes,Yes,Yes,Yes,Yes,Yes,Yes,Very easy,Maybe,No,Some of them,Some of them,Maybe,Yes,,No,I selected my current employer based on its policies about self care and the quality of their overall health and wellness benefits. I still have residual caution from previous employers who ranged from ambivalent to indifferent to actively hostile regarding mental health concerns.,41-50
35,2014-08-27 11:40:00,40.0,Female,United States,WI,No,No,Yes,Sometimes,1-5,No,Yes,Yes,Yes,No,No,,,Maybe,No,Some of them,No,No,Maybe,Yes,No,,31-40
36,2014-08-27 11:41:00,27.0,Male,United States,NY,No,No,Yes,Rarely,6-25,No,Yes,No,Yes,No,No,,Very easy,No,No,Yes,Yes,Maybe,Maybe,,No,,21-30
37,2014-08-27 11:41:00,29.0,Male,Canada,,No,No,No,Rarely,1-5,No,Yes,No,No,No,No,,Very easy,Yes,Maybe,Some of them,No,No,No,,No,,21-30
38,2014-08-27 11:41:00,38.0,Male,Portugal,,No,No,No,,100-500,No,Yes,No,Yes,No,No,,Somewhat easy,Maybe,No,Some of them,Some of them,No,Maybe,No,No,,31-40
39,2014-08-27 11:42:00,50.0,Male,United States,IN,No,No,No,,100-500,No,Yes,Yes,Yes,No,,,,No,No,Some of them,Yes,No,Maybe,,No,,41-50
40,2014-08-27 11:42:00,35.0,Male,United States,TX,No,No,Yes,Rarely,1000+,Yes,Yes,Yes,Yes,No,Yes,Yes,Very easy,No,No,Yes,Yes,Maybe,Maybe,Yes,No,,31-40
41,2014-08-27 11:42:00,24.0,Male,United Kingdom,,No,No,Yes,Sometimes,6-25,No,Yes,No,No,No,No,,,Maybe,Maybe,Some of them,No,No,Yes,No,Yes,,21-30
42,2014-08-27 11:42:00,35.0,Male,United States,MI,No,No,No,,1000+,Yes,Yes,Yes,,,Yes,,Somewhat difficult,Yes,Yes,Some of them,No,No,Maybe,,No,,31-40
43,2014-08-27 11:43:00,27.0,Male,Canada,,No,Yes,Yes,Sometimes,1-5,No,Yes,No,Yes,No,No,Yes,Very difficult,Maybe,No,Some of them,No,No,No,Yes,No,,21-30
44,2014-08-27 11:43:00,18.0,Male,Netherlands,,No,No,No,Often,6-25,No,Yes,No,,No,No,,Somewhat difficult,Yes,Maybe,No,Some of them,No,No,No,No,,11-20
45,2014-08-27 11:43:00,30.0,Male,United States,IN,No,No,Yes,Sometimes,26-100,No,Yes,,No,No,No,,,No,No,No,No,No,Maybe,,No,,21-30
46,2014-08-27 11:43:00,38.0,Female,United States,TX,No,Yes,Yes,Sometimes,26-100,No,Yes,Yes,Yes,No,Yes,Yes,Somewhat easy,No,No,Some of them,Yes,No,No,Yes,No,Our health plan has covered my psychotherapy and my antidepressant medication. My manager has been aware but discreet throughout. I did get negative reviews when my depression was trashing my delivery but y'know I wasn't delivering.,31-40
47,2014-08-27 11:43:00,28.0,Male,United Kingdom,,No,No,No,,26-100,No,Yes,,,No,No,,,No,Maybe,Some of them,Yes,Maybe,Yes,,No,,21-30
48,2014-08-27 11:43:00,34.0,Male,United States,TN,No,No,No,,6-25,No,Yes,No,No,No,No,,,No,No,Yes,Yes,Maybe,Yes,,No,,31-40
49,2014-08-27 11:43:00,26.0,Male,Canada,,Yes,No,No,Sometimes,1-5,No,Yes,No,Yes,Yes,No,,,No,No,Yes,Yes,No,No,Yes,No,,21-30
50,2014-08-27 11:44:00,30.0,Male,United States,IL,No,Yes,Yes,Rarely,26-100,No,Yes,Yes,No,No,,,,Maybe,No,Some of them,Yes,No,No,,No,I just started a new job last week hence a lot of don't know's,21-30
51,2014-08-27 11:44:00,22.0,Male,United States,TX,No,Yes,Yes,Often,6-25,No,Yes,No,Yes,No,No,Yes,Very difficult,Maybe,No,No,No,No,Maybe,,No,,21-30
52,2014-08-27 11:45:00,33.0,Male,United States,UT,No,No,No,,100-500,Yes,Yes,,,,,,,No,No,Some of them,Yes,Maybe,Maybe,,No,,31-40
53,2014-08-27 11:45:00,31.0,Male,United States,,No,No,No,,100-500,Yes,Yes,,No,,,,,Maybe,Maybe,Some of them,Some of them,Maybe,Maybe,,No,,31-40
54,2014-08-27 11:45:00,32.0,Male,United States,TN,No,No,No,Never,1-5,Yes,Yes,,,No,No,,,Maybe,No,Some of them,Yes,No,No,,No,,31-40
55,2014-08-27 11:46:00,28.0,Male,Switzerland,,No,No,No,,100-500,No,Yes,No,No,No,No,,,No,No,No,No,No,Maybe,,No,,21-30
56,2014-08-27 11:46:00,27.0,Male,United States,NY,No,Yes,Yes,Rarely,26-100,No,Yes,Yes,Yes,No,No,Yes,,Maybe,No,No,No,No,No,,No,,21-30
57,2014-08-27 11:46:00,32.0,Maile,United States,TN,No,Yes,No,,6-25,Yes,Yes,,No,No,No,,Somewhat easy,No,No,Yes,Yes,No,No,Yes,No,,31-40
58,2014-08-27 11:47:00,24.0,Male,United States,NY,No,Yes,Yes,Sometimes,26-100,Yes,Yes,,No,No,No,,,No,Maybe,Some of them,Yes,Yes,Yes,No,No,,21-30
59,2014-08-27 11:47:00,26.0,Male,United States,TN,No,No,No,,26-100,No,No,No,No,No,No,Yes,Somewhat easy,No,No,Some of them,Yes,Maybe,Yes,,No,,21-30
60,2014-08-27 11:47:00,33.0,Male,Canada,,No,Yes,Yes,Often,6-25,Yes,Yes,,No,No,No,No,Somewhat difficult,Yes,No,No,No,No,Maybe,,No,In addition to my own mental health issues I've known several coworkers that may be suffering and I don't know how to tell them I empathize and that I want to help.,31-40
61,2014-08-27 11:48:00,44.0,Male,United States,IA,No,Yes,Yes,Sometimes,1000+,No,No,Yes,No,No,,,,Yes,Maybe,Some of them,No,No,Maybe,,Yes,,41-50
62,2014-08-27 11:49:00,26.0,Female,Poland,,No,No,Yes,Sometimes,26-100,Yes,Yes,,,Yes,Yes,Yes,Very easy,No,No,Yes,Yes,Maybe,Yes,Yes,No,,21-30
63,2014-08-27 11:50:00,27.0,Male,United Kingdom,,No,No,No,Never,100-500,No,Yes,Yes,,No,Yes,,Somewhat easy,No,No,Yes,Yes,Maybe,Maybe,Yes,No,,21-30
64,2014-08-27 11:50:00,26.0,Male,France,,No,No,No,,26-100,No,Yes,No,No,No,No,,Very easy,Yes,No,No,No,No,No,No,Yes,,21-30
65,2014-08-27 11:50:00,35.0,Male,Canada,,No,No,No,Sometimes,6-25,No,Yes,,No,No,No,,Somewhat easy,No,No,Some of them,Yes,No,Maybe,,No,,31-40
66,2014-08-27 11:51:00,40.0,Male,United States,CA,No,Yes,No,Sometimes,1000+,Yes,Yes,Yes,Yes,Yes,Yes,,,Yes,Maybe,Some of them,No,No,No,No,Yes,,31-40
67,2014-08-27 11:51:00,23.0,Female,Australia,,No,Yes,Yes,Often,1-5,Yes,Yes,No,,No,No,,Very easy,No,No,Some of them,Yes,No,Maybe,Yes,No,Thanks for doing this research.,21-30
68,2014-08-27 11:52:00,36.0,Male,United States,TX,No,No,No,Sometimes,100-500,Yes,Yes,Yes,No,,Yes,,,Maybe,No,Some of them,Some of them,Maybe,Yes,Yes,No,,31-40
69,2014-08-27 11:52:00,31.0,Female,United States,NM,No,No,No,,26-100,Yes,No,,No,,,,,Maybe,No,Some of them,No,No,Maybe,,No,,31-40
70,2014-08-27 11:52:00,34.0,Male,United States,NY,Yes,No,No,Rarely,1-5,Yes,Yes,No,No,No,No,,,Maybe,No,Some of them,No,No,No,,No,,31-40
71,2014-08-27 11:53:00,28.0,Male,France,,No,No,No,Never,26-100,No,Yes,No,No,No,No,,,Maybe,No,Some of them,Some of them,No,No,,No,,21-30
72,2014-08-27 11:53:00,34.0,Male,Canada,,No,No,No,Never,6-25,No,Yes,,,,,,Somewhat easy,No,No,Some of them,Yes,No,No,,No,,31-40
73,2014-08-27 11:54:00,23.0,Non-binary/Other,United States,MA,No,No,No,Rarely,1000+,No,Yes,Yes,Yes,No,No,Yes,Somewhat difficult,Maybe,No,Yes,Yes,No,No,No,No,,21-30
74,2014-08-27 11:56:00,38.0,Male,United Kingdom,,No,No,No,,26-100,No,Yes,No,No,No,,Yes,Somewhat easy,No,No,Some of them,Yes,Maybe,Yes,Yes,No,,31-40
75,2014-08-27 11:56:00,33.0,Male,United States,CA,No,No,No,Never,1000+,No,Yes,,,Yes,,,,Maybe,No,Some of them,Some of them,No,Maybe,Yes,No,,31-40
76,2014-08-27 11:57:00,19.0,Male,United Kingdom,,No,No,No,,1-5,No,Yes,No,Yes,No,No,No,Somewhat difficult,Yes,No,No,No,No,Maybe,No,No,,11-20
77,2014-08-27 11:57:00,25.0,Male,United States,WA,No,No,No,,1000+,Yes,Yes,Yes,Yes,Yes,Yes,,,No,No,Yes,Yes,Maybe,Yes,Yes,No,,21-30
78,2014-08-27 11:57:00,31.0,Male,United States,WA,Yes,Yes,No,Sometimes,1-5,Yes,Yes,No,No,No,No,Yes,Somewhat difficult,No,No,Yes,Yes,Maybe,Maybe,Yes,No,,31-40
79,2014-08-27 11:59:00,32.0,Male,United States,UT,No,Yes,Yes,Sometimes,26-100,Yes,Yes,No,No,No,No,,Somewhat difficult,Yes,No,Some of them,No,No,Yes,No,No,,31-40
80,2014-08-27 12:00:00,28.0,Male,Germany,,No,No,No,Never,6-25,Yes,Yes,,No,,,,Very easy,No,No,Some of them,Some of them,Maybe,Yes,Yes,No,,21-30
81,2014-08-27 12:01:00,38.0,Male,United States,NY,No,Yes,No,Sometimes,100-500,Yes,Yes,Yes,Yes,No,Yes,,,No,No,Yes,Some of them,Maybe,Maybe,Yes,No,,31-40
82,2014-08-27 12:02:00,23.0,Male,United Kingdom,,No,No,No,Never,26-100,No,Yes,Yes,,Yes,,,Very easy,No,No,Some of them,Yes,Maybe,Maybe,Yes,No,,21-30
83,2014-08-27 12:02:00,30.0,Male,Canada,,No,No,No,Never,26-100,No,No,No,No,No,No,,,No,No,Some of them,Yes,No,No,No,No,,21-30
84,2014-08-27 12:03:00,27.0,Female,United States,NY,Yes,No,Yes,Often,1-5,Yes,Yes,Yes,Yes,Yes,Yes,Yes,Very easy,Maybe,Maybe,Some of them,Yes,No,Maybe,Yes,No,,21-30
85,2014-08-27 12:05:00,33.0,Male,United States,CA,No,Yes,No,Never,1000+,No,Yes,No,No,No,No,,,Yes,No,No,No,No,Maybe,No,No,,31-40
86,2014-08-27 12:05:00,31.0,Male,United States,TX,No,No,No,,26-100,No,Yes,,,No,No,,,No,No,Some of them,Yes,Maybe,Maybe,No,No,,31-40
87,2014-08-27 12:07:00,39.0,Male,United Kingdom,,Yes,No,Yes,Often,6-25,No,Yes,No,No,No,No,,Very difficult,Maybe,No,Some of them,No,No,Maybe,No,Yes,,31-40
88,2014-08-27 12:10:00,34.0,Female,United States,OR,No,Yes,Yes,Rarely,500-1000,Yes,Yes,Yes,,No,,,,Yes,Maybe,Some of them,Some of them,No,No,,No,,31-40
89,2014-08-27 12:11:00,29.0,Female,United States,FL,No,No,Yes,Sometimes,26-100,No,Yes,Yes,Yes,No,No,,,Maybe,No,Some of them,Some of them,No,Maybe,No,Yes,,21-30
90,2014-08-27 12:11:00,32.0,Male,United States,IL,No,No,No,,500-1000,No,Yes,,No,No,,,,No,No,Some of them,Some of them,No,No,,No,,31-40
91,2014-08-27 12:12:00,31.0,Male,United States,NY,No,No,No,Never,500-1000,No,Yes,Yes,Yes,Yes,Yes,Yes,Somewhat easy,No,No,Some of them,Yes,No,No,Yes,No,,31-40
92,2014-08-27 12:13:00,40.0,Male,United States,TX,No,No,Yes,Sometimes,26-100,No,Yes,No,Yes,No,No,Yes,Very difficult,No,No,Yes,Yes,Yes,Yes,No,No,,31-40
93,2014-08-27 12:14:00,34.0,Male,United States,OH,No,No,No,,26-100,No,Yes,,No,No,No,,Somewhat easy,Maybe,No,Some of them,No,No,Maybe,,No,,31-40
94,2014-08-27 12:15:00,18.0,Something Kinda Male?,Russia,,No,No,No,,26-100,Yes,Yes,Yes,Yes,No,No,Yes,Somewhat easy,No,No,Yes,Yes,Yes,Yes,,No,In Russia we have mandatory medical insurance. Every employer must pay 3.6% of every employee's salary to the insurance fund like a tax. Everyone gets free healthcare at public clinics and hospitals. Some types of healthcare including mental health are still funded from the government budget but that doesn't matter it's still FREE!However this is Russia :D I don't know much about what actually happens in mental hospitals here except that a lot of young people with male in their passports use these to avoid military draft and doctors seem to help them.,11-20
95,2014-08-27 12:15:00,25.0,Female,Canada,,No,No,Yes,Sometimes,26-100,No,Yes,Yes,Yes,No,,,,Maybe,No,Some of them,Yes,No,Maybe,,No,,21-30
96,2014-08-27 12:15:00,29.0,Male,United States,MN,No,No,No,Never,26-100,No,Yes,,No,No,,,,No,No,Yes,Yes,Maybe,Maybe,No,No,,21-30
97,2014-08-27 12:16:00,24.0,Male,United States,MO,No,Yes,No,Rarely,26-100,No,Yes,,,No,,,Somewhat easy,Maybe,Maybe,Some of them,No,No,Maybe,,No,,21-30
98,2014-08-27 12:17:00,31.0,Male,Mexico,,No,Yes,Yes,Sometimes,6-25,No,Yes,,No,No,No,,,No,No,Some of them,Yes,Maybe,Yes,No,No,,31-40
99,2014-08-27 12:18:00,33.0,Male,United States,AZ,No,No,Yes,Sometimes,6-25,No,Yes,No,Yes,No,No,,Somewhat easy,Maybe,No,Some of them,No,No,Maybe,No,No,,31-40
100,2014-08-27 12:18:00,30.0,Male,United States,IN,No,No,Yes,Often,1-5,No,Yes,No,Yes,No,No,Yes,Somewhat easy,No,No,Yes,Yes,Maybe,Maybe,Yes,No,,21-30
101,2014-08-27 12:18:00,26.0,Female,Canada,,No,Yes,Yes,Sometimes,26-100,No,No,No,Yes,No,No,No,Very difficult,Yes,No,No,No,No,Maybe,No,Yes,In my previous workplace which had mental health protections policies and access to counsellors my Director went so far as to say to me in somewhat casual conversation A woman was murdered across the street. At best though she was bipolar and at worst - who knowsI have bipolar disorder. I have zero faith that an organization with policies in place could appropriately handle mental health. I have even less faith that a workplace without the policies in place could appropriately handle mental health. I can only imagine it's worse in full tech environments.,21-30
102,2014-08-27 12:18:00,44.0,Female,United States,MA,No,No,No,Never,100-500,No,Yes,Yes,,,,,,Maybe,Maybe,No,Some of them,No,No,,No,,41-50
103,2014-08-27 12:19:00,25.0,Male,United States,NY,No,Yes,No,,26-100,No,Yes,,No,,,,Very easy,No,No,Some of them,Yes,No,No,,No,,21-30
104,2014-08-27 12:20:00,33.0,Male,United States,WI,No,Yes,Yes,Sometimes,26-100,Yes,Yes,Yes,Yes,Yes,Yes,Yes,Somewhat easy,No,No,Some of them,Yes,Maybe,Maybe,Yes,No,,31-40
105,2014-08-27 12:22:00,29.0,Male,United States,NY,No,No,No,Never,1000+,No,Yes,Yes,,Yes,,,Somewhat easy,No,No,Some of them,Yes,No,No,,No,,21-30
106,2014-08-27 12:23:00,35.0,Male,United States,MO,No,Yes,No,Rarely,6-25,No,Yes,Yes,,No,No,Yes,Somewhat easy,No,No,Some of them,Yes,No,No,,No,,31-40
107,2014-08-27 12:23:00,35.0,Male,United States,OR,No,Yes,Yes,Sometimes,26-100,Yes,Yes,,,No,No,,Somewhat easy,No,No,Some of them,Yes,No,Maybe,No,No,I've seen negative consequences towards mental health conditions in previous workplaces.Working remote is empowering in this way.,31-40
108,2014-08-27 12:25:00,28.0,Male,Brazil,,No,Yes,Yes,Rarely,6-25,No,Yes,No,No,No,No,No,,Maybe,No,Yes,Yes,No,No,,Yes,,21-30
109,2014-08-27 12:28:00,34.0,Male,United States,TN,No,Yes,No,Never,6-25,Yes,Yes,Yes,No,No,No,,,Maybe,No,No,No,No,No,,No,,31-40
110,2014-08-27 12:28:00,32.0,Male,United States,WA,No,No,Yes,Sometimes,26-100,No,Yes,Yes,No,Yes,Yes,Yes,Somewhat difficult,Maybe,No,Some of them,Yes,No,Maybe,Yes,No,,31-40
111,2014-08-27 12:29:00,22.0,Male,United States,NY,No,No,Yes,Sometimes,500-1000,No,Yes,Yes,Yes,No,,Yes,,Yes,No,No,No,No,Yes,No,No,,21-30
112,2014-08-27 12:31:00,28.0,Male,United States,CA,No,No,Yes,Sometimes,26-100,No,Yes,Yes,Yes,Yes,Yes,Yes,Somewhat easy,No,No,Some of them,Some of them,No,Maybe,Yes,No,,21-30
113,2014-08-27 12:31:00,45.0,Male,United States,MO,No,Yes,Yes,Rarely,6-25,Yes,Yes,Yes,Yes,No,Yes,Yes,Very easy,No,No,Yes,Yes,Yes,Yes,Yes,No,,41-50
114,2014-08-27 12:31:00,32.0,Male,United States,NY,No,No,No,Never,100-500,No,Yes,Yes,Yes,No,,,,Maybe,No,Some of them,Some of them,No,No,,No,,31-40
115,2014-08-27 12:31:00,28.0,Male,United States,TX,No,No,No,,1000+,No,Yes,,No,No,,,,Maybe,No,Some of them,No,No,Maybe,,No,,21-30
116,2014-08-27 12:31:00,26.0,Male,United Kingdom,,No,No,No,Never,6-25,No,Yes,,No,No,,,Very easy,No,No,Some of them,Some of them,No,No,,Yes,,21-30
117,2014-08-27 12:31:00,21.0,Male,United Kingdom,,Yes,No,No,Often,1-5,Yes,No,No,Yes,No,No,Yes,Very difficult,Yes,No,Some of them,Yes,No,Maybe,No,No,,21-30
118,2014-08-27 12:31:00,27.0,Male,Canada,,No,No,No,Rarely,6-25,No,No,Yes,Yes,Yes,Yes,Yes,Very easy,Maybe,No,Some of them,Yes,No,No,,No,,21-30
119,2014-08-27 12:31:00,18.0,Male,United States,CT,No,No,Yes,Rarely,1-5,Yes,Yes,No,No,No,No,Yes,Very easy,No,No,Some of them,No,No,No,,No,,11-20
120,2014-08-27 12:32:00,35.0,Male,United States,CO,No,No,No,,26-100,Yes,Yes,,,No,,,,No,No,Some of them,Yes,Maybe,Maybe,,No,,31-40
121,2014-08-27 12:32:00,29.0,Male,United States,GA,No,No,No,Never,1000+,No,Yes,Yes,Yes,No,Yes,,,Yes,Yes,No,No,No,No,,No,,21-30
122,2014-08-27 12:33:00,25.0,Male,United States,DC,No,No,No,,26-100,Yes,Yes,,No,No,No,,Very easy,No,No,Some of them,Yes,No,No,,No,,21-30
123,2014-08-27 12:33:00,33.0,Male,United States,MN,No,Yes,Yes,Sometimes,6-25,Yes,Yes,,No,,,Yes,Very easy,No,No,Yes,Yes,No,Maybe,Yes,No,,31-40
124,2014-08-27 12:33:00,36.0,Male,United States,WA,No,No,No,Often,6-25,No,Yes,Yes,No,No,No,Yes,,Maybe,No,No,No,No,No,,No,,31-40
125,2014-08-27 12:33:00,27.0,Male,Canada,,No,No,Yes,Never,100-500,No,No,Yes,,No,No,,Very difficult,Maybe,No,Some of them,Yes,No,Maybe,No,Yes,,21-30
126,2014-08-27 12:34:00,27.0,Male,United States,WA,No,Yes,No,Never,500-1000,No,Yes,Yes,No,Yes,Yes,Yes,,Yes,No,Some of them,No,No,Yes,,No,,21-30
127,2014-08-27 12:34:00,27.0,Male,United Kingdom,,No,No,No,,6-25,No,Yes,No,No,No,No,,,No,No,Some of them,Some of them,No,No,,No,,21-30
128,2014-08-27 12:34:00,32.0,Male,United States,OR,No,No,Yes,Rarely,100-500,No,Yes,Yes,Yes,No,Yes,Yes,,Yes,No,No,Yes,No,No,,No,,31-40
129,2014-08-27 12:34:00,31.0,Male,United Kingdom,,No,Yes,No,Sometimes,6-25,No,Yes,No,No,No,No,,Somewhat easy,Maybe,Maybe,No,No,No,No,Yes,No,,31-40
130,2014-08-27 12:34:00,19.0,Male,Slovenia,,No,No,Yes,Sometimes,6-25,No,Yes,,No,No,No,,Somewhat easy,Yes,Yes,Some of them,No,No,No,,No,,11-20
131,2014-08-27 12:34:00,33.0,Male,United States,IL,No,Yes,Yes,Sometimes,1000+,No,Yes,Yes,Yes,No,No,,Very easy,Maybe,No,Yes,Some of them,No,Yes,No,No,,31-40
132,2014-08-27 12:35:00,32.0,Male,United States,CA,No,No,No,Rarely,1-5,Yes,Yes,No,Yes,No,No,,Very difficult,Maybe,No,Yes,Some of them,No,Yes,,No,,31-40
133,2014-08-27 12:36:00,27.0,Male,United States,NE,No,No,No,Never,26-100,No,Yes,,,,,,,No,No,Yes,Yes,Maybe,Maybe,,No,,21-30
134,2014-08-27 12:36:00,38.0,Male,Costa Rica,,No,No,No,,26-100,Yes,Yes,No,Yes,No,No,Yes,Somewhat easy,No,No,Yes,Yes,Maybe,Yes,No,No,,31-40
135,2014-08-27 12:36:00,24.0,Male,Canada,,No,No,Yes,Never,26-100,No,Yes,,No,No,No,,,No,No,Some of them,Yes,Maybe,Yes,,No,,21-30
136,2014-08-27 12:37:00,39.0,Male,United Kingdom,,No,No,No,Never,26-100,No,No,No,No,No,No,,,Yes,Maybe,No,No,No,No,,No,,31-40
137,2014-08-27 12:37:00,28.0,Male,United Kingdom,,No,No,No,Never,6-25,No,Yes,,No,No,No,Yes,Very easy,No,No,Some of them,Yes,Maybe,Maybe,Yes,No,,21-30
138,2014-08-27 12:37:00,39.0,Male,United States,IA,No,No,Yes,Often,1000+,No,Yes,Yes,,No,No,,Somewhat easy,No,No,Yes,Yes,No,No,,No,,31-40
139,2014-08-27 12:37:00,29.0,Female,United States,MD,No,No,No,,6-25,No,Yes,,No,No,,,Somewhat easy,Maybe,No,Some of them,No,No,No,,No,,21-30
140,2014-08-27 12:37:00,22.0,Male,Austria,,No,No,No,,6-25,Yes,Yes,,No,,No,,Somewhat easy,No,No,Some of them,Some of them,No,No,,No,,21-30
141,2014-08-27 12:38:00,38.0,Male,United States,OR,No,Yes,Yes,Sometimes,100-500,No,Yes,,No,,,,,Maybe,No,Some of them,Yes,No,No,,No,,31-40
142,2014-08-27 12:38:00,37.0,Male,United Kingdom,,Yes,No,Yes,Sometimes,1000+,No,No,No,Yes,Yes,Yes,Yes,Very difficult,Yes,Yes,Some of them,No,No,Maybe,Yes,No,I'm not a permanent employee so do not get they benefits they get.My client is extremely supportive of permanent staff with mental health issues.,31-40
143,2014-08-27 12:38:00,35.0,Male,United States,TX,No,No,No,Never,26-100,Yes,No,,,,,,,Yes,No,Some of them,No,No,Maybe,,No,,31-40
144,2014-08-27 12:39:00,,Male,United States,MN,No,No,No,,1000+,Yes,No,Yes,No,,Yes,,,No,No,Some of them,Yes,No,No,,No,,
145,2014-08-27 12:39:00,30.0,Female,United States,PA,No,Yes,No,,1000+,Yes,Yes,,,No,,,,Maybe,Maybe,Some of them,Some of them,No,Maybe,,No,I'd be more worried about coworkers and workplace culture than the employer--they're probably legally obligated to do some things but reputation among people I work with is something else. For instance I've heard people make snide remarks about men taking paternity leave I don't want to know what they'd say about mental health leave.,21-30
146,2014-08-27 12:39:00,37.0,Male,United States,IN,No,Yes,Yes,Rarely,100-500,No,No,Yes,Yes,Yes,Yes,,Somewhat easy,Maybe,Maybe,Some of them,Yes,Maybe,Maybe,,No,,31-40
147,2014-08-27 12:39:00,24.0,Male,United Kingdom,,No,No,No,Never,6-25,No,Yes,No,No,No,No,Yes,,Maybe,Maybe,No,Some of them,No,No,,No,,21-30
148,2014-08-27 12:39:00,23.0,Male,United States,WV,No,No,No,Sometimes,6-25,No,No,No,No,No,No,No,Somewhat easy,Yes,Yes,No,No,No,No,No,No,,21-30
149,2014-08-27 12:40:00,30.0,Male,Ireland,,No,No,Yes,Rarely,100-500,No,Yes,No,Yes,Yes,Yes,,Somewhat easy,Yes,No,Some of them,No,No,No,No,Yes,,21-30
150,2014-08-27 12:40:00,29.0,Female,United States,MI,No,No,No,,100-500,Yes,Yes,,,No,,,,Maybe,No,No,Some of them,No,Maybe,,No,,21-30
151,2014-08-27 12:40:00,19.0,Male,Canada,,Yes,Yes,No,,1-5,Yes,Yes,,,No,Yes,Yes,Somewhat easy,Maybe,No,Some of them,Some of them,Maybe,Maybe,,No,,11-20
152,2014-08-27 12:40:00,32.0,Male,United States,CA,No,Yes,No,Never,26-100,No,Yes,,,No,No,,Very easy,No,No,Some of them,Some of them,No,Maybe,No,No,,31-40
153,2014-08-27 12:41:00,28.0,Male,Poland,,No,No,No,Rarely,6-25,Yes,Yes,No,No,No,No,,,No,No,Yes,Yes,Maybe,Yes,Yes,No,,21-30
154,2014-08-27 12:41:00,36.0,Male,United States,IL,No,No,No,Never,6-25,No,Yes,,,,,,,No,No,Some of them,Some of them,Maybe,Maybe,,No,,31-40
155,2014-08-27 12:41:00,37.0,Male,United Kingdom,,No,Yes,Yes,Rarely,1000+,No,No,Yes,Yes,Yes,Yes,Yes,Somewhat difficult,Yes,Maybe,Some of them,No,No,Yes,No,Yes,,31-40
156,2014-08-27 12:42:00,25.0,Male,United States,IL,No,Yes,Yes,Sometimes,26-100,No,No,,No,No,,,Somewhat difficult,Maybe,No,Some of them,Some of them,No,Maybe,No,No,,21-30
157,2014-08-27 12:42:00,27.0,Male,United States,CA,No,Yes,Yes,Sometimes,1000+,No,Yes,,No,No,,,,No,No,No,Some of them,No,Maybe,,No,,21-30
158,2014-08-27 12:43:00,26.0,Male,United States,OK,No,No,No,Often,26-100,No,No,,,No,No,,,Yes,Maybe,Some of them,Yes,No,Maybe,No,No,,21-30
159,2014-08-27 12:43:00,27.0,Male,United States,UT,No,No,Yes,Rarely,26-100,Yes,Yes,No,Yes,No,No,,Somewhat difficult,Maybe,No,Some of them,Yes,No,No,,Yes,Had a co-worker disappear from work for a few weeks and then come back to let everyone know he was bipolar. His responsibilities and schedule were adjusted to accommodate but he got worse didn't show up didn't work etc and was eventually let go.It was tough because on the one hand he was struggling with some mental health issues but on the other hand he went through a period of months where he wasn't performing.,21-30
160,2014-08-27 12:43:00,25.0,Male,United States,IL,No,Yes,Yes,Sometimes,26-100,No,Yes,,,No,No,,Very easy,Maybe,No,Some of them,No,No,No,,Yes,Family history of depression.  Currently dealing with depression and anxiety as well as drug addition.Employer provides & pays premiums on insurance which covers therapy and prescriptions.  Employer allows work-from-home and unlimited PTO which makes episodes easier to control.I don't speak of my problems to anyone at work except for the people that I consider friends and even then I don't go into great detail.I would never bring up a mental health issue during an interview for fear of discrimination and rejection (and therefore greater depression).  One co-worker had serious anxiety problems and would not inform his team of episodes and was eventually let go for being unresponsive.,21-30
161,2014-08-27 12:43:00,36.0,Male,United Kingdom,,No,No,Yes,Sometimes,1000+,No,No,Yes,Yes,Yes,Yes,Yes,Somewhat easy,Maybe,Maybe,Some of them,Some of them,No,Maybe,,Yes,I feel that my employer and colleagues have created my mental health issue. Additionally I have contributed to this by staying in the same job with the same employer for 10 years.,31-40
162,2014-08-27 12:44:00,25.0,Female,United States,NY,No,Yes,Yes,Sometimes,500-1000,No,Yes,Yes,No,No,No,,,Yes,Yes,Some of them,Some of them,No,No,,No,,21-30
163,2014-08-27 12:44:00,31.0,Male,United States,CA,No,No,No,Never,1000+,No,Yes,Yes,No,No,Yes,,,No,No,Some of them,Some of them,No,No,,No,,31-40
164,2014-08-27 12:45:00,26.0,Male,United States,MA,No,Yes,No,Rarely,6-25,No,Yes,,No,No,No,,,Maybe,No,Some of them,Yes,No,No,,No,,21-30
165,2014-08-27 12:46:00,33.0,Female,United States,WA,Yes,Yes,Yes,Sometimes,1-5,No,Yes,No,Yes,Yes,Yes,Yes,Very difficult,No,No,Some of them,Yes,No,Yes,Yes,No,Many of these questions become irrelevant once 'Yes' is selected for 'Are you self-employed'.  It would be preferable for there to be a 'Not Relevant' option on these.,31-40
166,2014-08-27 12:47:00,27.0,Female,United Kingdom,,Yes,Yes,No,,1-5,Yes,Yes,No,Yes,No,No,Yes,Somewhat easy,No,No,Yes,Yes,No,Maybe,Yes,No,as a UK-based company we don't have any medical provisions as it's all provided on the National Health Service (for now!) However if we do need to take days off for any kind of health problems everyone is understanding :),21-30
167,2014-08-27 12:48:00,34.0,Male,United States,MN,No,No,No,Never,26-100,No,Yes,No,No,No,No,,Very easy,Maybe,No,Some of them,Some of them,No,Maybe,,No,,31-40
168,2014-08-27 12:48:00,42.0,Male,United States,CA,No,No,No,,6-25,No,Yes,No,Yes,No,No,,Very difficult,Maybe,No,Yes,Yes,No,Maybe,No,No,,41-50
169,2014-08-27 12:48:00,23.0,Male,Ireland,,Yes,Yes,No,Sometimes,1-5,No,Yes,No,No,No,No,,Very difficult,Yes,No,No,No,No,Maybe,No,No,,21-30
170,2014-08-27 12:48:00,24.0,Male,United Kingdom,,No,No,No,Rarely,100-500,No,Yes,,,Yes,,,Very easy,Maybe,Maybe,Some of them,Some of them,No,Maybe,,No,,21-30
171,2014-08-27 12:48:00,26.0,Male,United Kingdom,,No,No,Yes,Sometimes,1000+,No,Yes,Yes,Yes,,,Yes,Somewhat easy,No,No,Yes,Yes,No,No,,No,My employer employs 17k people worldwide and my previous employer only 140 globally both have been very supportive and accommodating with my moderate depression and intense anxiety.,21-30
172,2014-08-27 12:48:00,31.0,Male,United Kingdom,,Yes,No,Yes,Often,6-25,No,Yes,,No,No,No,,,Maybe,No,Some of them,Yes,No,Maybe,,No,,31-40
173,2014-08-27 12:49:00,22.0,Male,India,,No,No,Yes,Never,1000+,No,Yes,,,No,No,,Very difficult,Yes,Maybe,No,No,Maybe,Maybe,No,No,,21-30
174,2014-08-27 12:49:00,23.0,Female,United States,NC,No,No,No,,6-25,No,Yes,,No,No,,,,Maybe,Maybe,Some of them,Yes,No,Maybe,Yes,No,,21-30
175,2014-08-27 12:49:00,34.0,Female,Canada,,No,Yes,Yes,Sometimes,1000+,No,No,Yes,Yes,Yes,No,,Somewhat easy,No,No,Some of them,Yes,No,No,No,No,,31-40
176,2014-08-27 12:49:00,31.0,Male,United States,MO,No,No,No,Never,26-100,No,Yes,,,No,,,,Maybe,No,No,Some of them,No,Maybe,,No,,31-40
177,2014-08-27 12:50:00,28.0,Male,United Kingdom,,No,No,No,,100-500,No,No,No,,No,Yes,Yes,Somewhat easy,No,No,Some of them,Some of them,Maybe,Maybe,Yes,No,,21-30
178,2014-08-27 12:50:00,32.0,Female,United States,MA,No,No,Yes,Often,6-25,Yes,Yes,Yes,,,,Yes,Very easy,No,No,Yes,Yes,No,No,Yes,Yes,I am not sure about my company's healthcare because I've opted out of it and I'm covered under another policy.I currently work at a great company though in past jobs I don't think I would have felt comfortable talking about mental health at all.,31-40
179,2014-08-27 12:51:00,45.0,Female,United States,CA,No,No,Yes,Sometimes,1-5,No,Yes,Yes,No,No,No,Yes,Somewhat difficult,No,No,Yes,Yes,No,No,Yes,No,In small startups it is very hard to keep mental health issues truly private no matter what management does.,41-50
180,2014-08-27 12:51:00,33.0,Male,United States,TX,No,No,No,,6-25,Yes,Yes,,No,No,No,,Very easy,No,No,Yes,Yes,No,Maybe,,No,A close family member of mine struggles with mental health so I try not to stigmatize it. My employers/coworkers also seem compassionate toward any kind of health or family needs.,31-40
181,2014-08-27 12:51:00,29.0,Male,Mexico,,No,No,No,Never,6-25,Yes,Yes,No,No,No,No,No,,Maybe,Maybe,No,Yes,Maybe,Yes,No,No,,21-30
182,2014-08-27 12:51:00,26.0,Female,India,,Yes,No,No,Sometimes,6-25,No,No,No,No,No,No,,Somewhat easy,Maybe,Maybe,Some of them,Some of them,No,No,,No,,21-30
183,2014-08-27 12:51:00,28.0,Female,United Kingdom,,No,No,No,Never,26-100,No,Yes,,No,No,,Yes,Somewhat easy,No,No,Yes,Yes,Maybe,Maybe,,No,,21-30
184,2014-08-27 12:51:00,45.0,Male,United States,CA,No,No,Yes,Sometimes,1000+,No,Yes,,,,,,,Yes,Yes,Some of them,Some of them,No,No,,No,,41-50
185,2014-08-27 12:52:00,43.0,Male,United States,WA,No,Yes,Yes,Often,1000+,Yes,Yes,Yes,,No,,,Very difficult,Yes,Maybe,No,No,No,No,No,No,,41-50
186,2014-08-27 12:52:00,37.0,Male,United States,MA,No,No,No,,500-1000,Yes,Yes,Yes,No,No,No,,,Yes,No,Some of them,No,Maybe,Yes,No,No,,31-40
187,2014-08-27 12:52:00,24.0,Male,United Kingdom,,No,No,No,Sometimes,6-25,No,Yes,,No,No,,,Somewhat easy,Maybe,No,Some of them,Yes,Maybe,Yes,Yes,No,,21-30
188,2014-08-27 12:53:00,26.0,Male,France,,No,No,No,,6-25,Yes,Yes,No,Yes,No,No,,Somewhat easy,No,No,Some of them,No,No,Maybe,Yes,No,,21-30
189,2014-08-27 12:53:00,23.0,Male,United Kingdom,,No,Yes,No,,1-5,Yes,Yes,,No,No,No,,,No,No,Some of them,Yes,Maybe,Yes,,No,,21-30
190,2014-08-27 12:53:00,35.0,Female,United States,CA,No,Yes,Yes,Never,1000+,No,Yes,Yes,,,No,Yes,Somewhat easy,Maybe,No,No,No,No,No,,No,,31-40
191,2014-08-27 12:53:00,38.0,Female,South Africa,,Yes,Yes,Yes,Often,1-5,Yes,Yes,No,Yes,No,No,Yes,Somewhat easy,Maybe,Maybe,Some of them,Some of them,No,Maybe,,Yes,,31-40
192,2014-08-27 12:53:00,28.0,Male,United States,MI,No,Yes,Yes,Sometimes,26-100,No,Yes,Yes,No,No,No,,Somewhat easy,Maybe,Maybe,Some of them,No,No,Maybe,No,No,,21-30
193,2014-08-27 12:54:00,28.0,Male,Russia,,No,No,No,Sometimes,26-100,No,Yes,No,No,No,No,,,Yes,Maybe,No,No,No,Maybe,,No,,21-30
194,2014-08-27 12:54:00,35.0,Male,United States,CA,No,No,Yes,Rarely,6-25,No,Yes,No,No,No,No,Yes,,No,No,Some of them,Yes,No,No,,No,,31-40
195,2014-08-27 12:54:00,32.0,Female,Germany,,No,No,No,Sometimes,100-500,No,Yes,No,No,No,No,,Very difficult,Yes,Yes,Some of them,No,No,No,No,Yes,Too many people even especially IT considered mental health issues as a choice or something people can freely act about. You are depressed: take vacation. You feel weird: admit it is physical (otherwise it is not serious) go and see a doctor (and if you are on sick leave too many days you will get fired). You don't feel good today: take a holiday but don't work from home. In startup there is what I call the tyranny of happiness: you have to look happy to be accepted and to be worked with. At some point playing a role can definitely make the mental health issue worse and it is also a threat to diversity :(I don't like to call mental health issues an issue but actually when it comes to company field it too often becomes an issue and this is sad because working is sometimes better than medication. It is a vicious circle: people are scared of speaking about it so they don't inform their coworkers about what mental health is for real and so coworkers are so scared on a regular basis that the people with mental health issues keep it for themselves.,31-40
196,2014-08-27 12:54:00,31.0,Male,Italy,,Yes,Yes,No,Never,6-25,No,Yes,No,No,No,No,,Somewhat easy,Maybe,Maybe,Some of them,Some of them,No,Maybe,,No,,31-40
197,2014-08-27 12:55:00,35.0,Female,United States,NY,No,No,No,Never,500-1000,Yes,Yes,,,No,No,,,Maybe,Maybe,Some of them,No,No,No,,No,,31-40
198,2014-08-27 12:55:00,26.0,Male,United States,CA,No,No,No,Rarely,1000+,No,Yes,Yes,No,No,No,Yes,Somewhat easy,No,No,Some of them,Yes,No,Maybe,No,No,,21-30
199,2014-08-27 12:56:00,27.0,Male,United States,TN,No,Yes,No,,6-25,Yes,Yes,Yes,Yes,No,No,,Somewhat easy,Maybe,Maybe,Some of them,Some of them,No,Maybe,Yes,No,,21-30
200,2014-08-27 12:56:00,28.0,Male,United Kingdom,,No,Yes,Yes,Sometimes,1000+,No,Yes,,No,No,No,,,Maybe,Maybe,Some of them,No,No,Maybe,,No,,21-30
201,2014-08-27 12:57:00,27.0,Female,United States,OR,No,Yes,Yes,Sometimes,26-100,No,Yes,Yes,No,No,No,,Very easy,No,No,Some of them,Some of them,No,No,Yes,No,My seniority at the company and rapport with the owners has helped me gain support for seeking help regarding my mental health as well as being able to take time off or work from home when an episode starts.However I don't feel that the company's stance on mental health is as clear as say something like vision or dental.  There's very much a stigma.,21-30
202,2014-08-27 12:57:00,34.0,Female,United States,MN,No,No,Yes,Sometimes,500-1000,No,No,Yes,Yes,Yes,Yes,Yes,Somewhat easy,Maybe,No,Some of them,Yes,No,No,Yes,No,,31-40
203,2014-08-27 12:58:00,41.0,Male,United States,FL,No,No,Yes,Often,6-25,Yes,Yes,No,,No,No,,Very difficult,Maybe,Maybe,Some of them,Some of them,Maybe,Maybe,,No,,41-50
204,2014-08-27 12:58:00,37.0,Male,Ireland,,No,No,No,Sometimes,1-5,No,Yes,No,Yes,No,No,,Very difficult,Yes,No,No,No,No,Yes,,No,When you are an introvert people don't notice if you are depressed. Its a vicious cycle of sorts.,31-40
205,2014-08-27 13:00:00,34.0,Male,Austria,,No,Yes,No,,100-500,Yes,Yes,,No,,,,Very easy,No,No,Yes,Yes,No,No,Yes,No,,31-40
206,2014-08-27 13:02:00,32.0,Male,United Kingdom,,No,Yes,Yes,Sometimes,100-500,Yes,Yes,,,No,No,,Somewhat difficult,Yes,Maybe,No,No,No,No,No,Yes,I've answered 'Yes' on remote working but 50% is the maximum time we're allowed.The branch of the company I work for doesn't offer any medical benefits. It's not as common in the UK as we have the NHS for the moment. There are international branches that may so I've answered 'Don't know'.,31-40
207,2014-08-27 13:03:00,21.0,Male,Canada,,No,No,Yes,Sometimes,6-25,Yes,Yes,No,Yes,No,No,,Somewhat difficult,No,No,Some of them,Some of them,Maybe,Maybe,Yes,No,,21-30
208,2014-08-27 13:04:00,30.0,Male,United States,MA,No,No,Yes,Often,26-100,No,Yes,No,Yes,No,No,Yes,Somewhat easy,Maybe,No,Yes,Yes,No,Maybe,,No,,21-30
209,2014-08-27 13:04:00,24.0,Male,United States,KS,No,No,No,Never,26-100,No,Yes,,,No,,,,No,No,Some of them,Yes,No,No,,No,,21-30
210,2014-08-27 13:05:00,26.0,Male,Bulgaria,,No,No,No,,100-500,No,Yes,No,No,No,No,No,Very easy,Yes,Maybe,No,No,No,Maybe,,No,,21-30
211,2014-08-27 13:06:00,40.0,Female,United States,DC,No,No,No,,26-100,No,Yes,Yes,Yes,Yes,Yes,Yes,Somewhat easy,No,No,Some of them,Yes,No,No,Yes,No,,31-40
212,2014-08-27 13:06:00,37.0,Male,United Kingdom,,No,Yes,No,Sometimes,26-100,No,No,No,No,No,No,,,Yes,Maybe,Some of them,Yes,No,Maybe,,No,,31-40
213,2014-08-27 13:07:00,26.0,Male,United Kingdom,,Yes,No,Yes,Often,1-5,Yes,Yes,No,No,No,No,,,Yes,No,No,No,No,Maybe,,No,,21-30
214,2014-08-27 13:07:00,32.0,Female,United States,TX,No,Yes,Yes,Sometimes,6-25,No,Yes,,No,No,No,No,,Yes,Maybe,Some of them,Some of them,No,Maybe,No,Yes,,31-40
215,2014-08-27 13:07:00,32.0,Female,United States,MA,No,No,Yes,Sometimes,100-500,No,No,Yes,Yes,,,Yes,Very easy,No,No,Yes,Yes,No,Yes,Yes,No,,31-40
216,2014-08-27 13:07:00,27.0,Female,United States,MI,Yes,Yes,Yes,Sometimes,1-5,Yes,Yes,No,No,,,,Very difficult,No,No,Some of them,No,No,No,,No,Many of these questions were difficult to answer as a self-employed person; I did my best with the available options.,21-30
217,2014-08-27 13:08:00,30.0,Male,Germany,,Yes,No,Yes,Often,6-25,Yes,Yes,Yes,Yes,No,No,Yes,Very difficult,No,No,Some of them,Yes,Maybe,Yes,Yes,No,I tried to answer as good as possible but I am CEO of a company so many questions don't fit very well.Also many of the questions are very US-centric in most systems healthcare is not your employers business.,21-30
218,2014-08-27 13:09:00,31.0,Male,Canada,,Yes,No,No,,6-25,No,Yes,Yes,Yes,No,,Yes,Very easy,No,No,Some of them,Some of them,No,No,Yes,No,,31-40
219,2014-08-27 13:09:00,29.0,Female,United States,NY,No,No,Yes,Never,500-1000,No,No,Yes,No,No,,,Somewhat difficult,Maybe,No,Some of them,No,No,No,,No,,21-30
220,2014-08-27 13:09:00,41.0,Male (Cis),United States,VA,No,No,No,,26-100,No,Yes,Yes,,No,No,,Very easy,Yes,No,No,Some of them,No,No,,No,,41-50
221,2014-08-27 13:12:00,34.0,Female,United States,WA,No,No,No,,6-25,No,Yes,Yes,No,No,No,,Somewhat easy,No,No,Yes,Yes,Maybe,Maybe,Yes,No,One of my coworkers has mental health issues and she's open about them (eg: my enjoyment of this project may be due to my recent change in meds). I believe the response has been generally supportive. We're a very small tight-knit company.,31-40
222,2014-08-27 13:12:00,33.0,Male,United Kingdom,,No,No,No,,26-100,No,Yes,,No,No,No,,,No,No,Yes,Yes,Yes,Yes,,No,,31-40
223,2014-08-27 13:14:00,28.0,Male,United States,PA,No,No,No,Rarely,6-25,No,Yes,,No,No,No,,,No,No,Some of them,Some of them,No,Maybe,,No,,21-30
224,2014-08-27 13:15:00,28.0,Male,United States,MI,No,No,Yes,Sometimes,1000+,No,Yes,No,Yes,No,No,Yes,Very difficult,Yes,No,No,Some of them,No,No,No,No,,21-30
225,2014-08-27 13:15:00,23.0,Male,United States,PA,No,No,No,Never,26-100,No,Yes,,,,,,,No,No,No,Yes,No,Yes,Yes,No,A strong mind goes a long way. Stay strong. Take some time off to help. Its all in your head.,21-30
226,2014-08-27 13:18:00,24.0,Male,United States,OR,No,No,No,,1-5,No,Yes,,No,,No,Yes,Very easy,No,No,Yes,Yes,Maybe,Yes,Yes,No,Would you bring up a mental health issue with a potential employer in an interview?Poignant.,21-30
227,2014-08-27 13:18:00,32.0,Male,United States,WA,No,No,No,Rarely,1-5,Yes,Yes,No,Yes,No,No,,Very difficult,No,No,Some of them,Yes,No,Maybe,Yes,No,,31-40
228,2014-08-27 13:19:00,34.0,Male,Australia,,Yes,No,No,Sometimes,1-5,Yes,Yes,,,Yes,Yes,,Somewhat difficult,Yes,Yes,No,No,No,Maybe,Yes,No,,31-40
229,2014-08-27 13:21:00,24.0,Male,United States,PA,No,No,No,Never,6-25,No,Yes,Yes,,No,,,Very easy,Maybe,No,Some of them,No,Maybe,Maybe,Yes,No,,21-30
230,2014-08-27 13:22:00,26.0,Male,United Kingdom,,Yes,No,Yes,Sometimes,1-5,No,Yes,No,Yes,No,No,,,Maybe,No,Some of them,Some of them,No,Maybe,Yes,No,,21-30
231,2014-08-27 13:22:00,36.0,Male,United States,OH,No,No,Yes,Sometimes,26-100,No,Yes,Yes,No,No,Yes,,,Maybe,No,Some of them,Some of them,No,Maybe,,Yes,,31-40
232,2014-08-27 13:23:00,41.0,Male,United States,TX,No,No,Yes,Rarely,500-1000,Yes,Yes,Yes,Yes,No,,,,Maybe,Maybe,Some of them,No,Maybe,Maybe,No,No,I found it difficult to answer all of the questions effectively as many of them would depend on the nature of the mental health issues as some seem more socially accepted than others. For some people telling your current supervisor that you have a history of bi-polar disorder might be easier than telling a potential employer that you have a history of compulsive gambling. They might both be bits of irrelevant information (past behavior and not indicators of future behavior). However western culture pushes us to appear as capable as possible to our supervisors in pursuit of excellence in our work. Providing information that could create a negative bias seems like a more genuine and yet more risky approach to the discussion.,41-50
233,2014-08-27 13:24:00,38.0,Male,United Kingdom,,No,No,Yes,Sometimes,1000+,No,No,,,,,,Very difficult,Yes,No,No,No,No,Maybe,No,No,,31-40
234,2014-08-27 13:24:00,38.0,Male,United States,NH,No,No,No,Sometimes,26-100,Yes,Yes,,,No,,,,Maybe,Maybe,Some of them,Yes,No,Maybe,No,No,,31-40
235,2014-08-27 13:26:00,30.0,Male,Netherlands,,No,No,No,,26-100,No,Yes,,No,,,Yes,Somewhat easy,No,No,Some of them,Some of them,No,No,Yes,No,,21-30
236,2014-08-27 13:26:00,25.0,Male,United Kingdom,,No,No,No,Never,26-100,No,Yes,No,No,No,No,,Somewhat difficult,Yes,Maybe,No,No,No,Maybe,No,No,,21-30
237,2014-08-27 13:27:00,37.0,Male,Canada,,No,Yes,Yes,Often,26-100,No,Yes,Yes,Yes,No,,,,Maybe,No,Some of them,Some of them,No,Yes,,No,,31-40
238,2014-08-27 13:29:00,34.0,Male,United Kingdom,,No,Yes,No,,6-25,No,Yes,No,No,No,No,Yes,Somewhat difficult,No,No,Some of them,Yes,No,Yes,No,Yes,,31-40
239,2014-08-27 13:29:00,37.0,Female,United States,NC,No,Yes,Yes,Sometimes,1000+,No,No,Yes,Yes,Yes,Yes,Yes,Somewhat easy,No,No,Some of them,Some of them,No,Maybe,Yes,No,,31-40
240,2014-08-27 13:31:00,28.0,Female,Canada,,No,Yes,Yes,Sometimes,6-25,No,No,Yes,Yes,Yes,Yes,Yes,,No,No,Some of them,Yes,No,No,No,Yes,,21-30
241,2014-08-27 13:31:00,22.0,Male,Sweden,,No,No,No,,6-25,No,Yes,,No,No,No,,,No,No,Some of them,Yes,Maybe,Maybe,No,No,,21-30
242,2014-08-27 13:32:00,34.0,Male,United States,FL,No,Yes,Yes,Sometimes,1-5,No,Yes,No,No,No,No,,Somewhat difficult,Maybe,No,Some of them,Some of them,No,Maybe,No,Yes,,31-40
243,2014-08-27 13:32:00,33.0,Male,United States,CA,No,Yes,Yes,Sometimes,26-100,No,Yes,Yes,Yes,Yes,Yes,Yes,Somewhat easy,No,No,Some of them,Yes,No,No,,No,,31-40
244,2014-08-27 13:33:00,25.0,Male,South Africa,,No,No,No,,6-25,No,Yes,No,No,No,No,Yes,Somewhat difficult,Maybe,No,Some of them,Yes,No,Yes,No,No,,21-30
245,2014-08-27 13:34:00,27.0,Male,United States,GA,No,No,No,Never,1000+,Yes,Yes,Yes,Yes,,,Yes,Somewhat easy,No,No,Some of them,Yes,Maybe,Maybe,Yes,No,,21-30
246,2014-08-27 13:35:00,40.0,Male,United States,OH,No,No,Yes,Sometimes,1000+,Yes,Yes,Yes,Yes,Yes,Yes,Yes,,Yes,Maybe,No,No,No,Maybe,No,Yes,I have only discussed my mental illness with close family members. I feel completely uncomfortable discussing with anyone at my place of employment as I am concerned it would have negative consequences.,31-40
247,2014-08-27 13:35:00,21.0,Male,United States,KY,No,No,Yes,Often,6-25,No,No,,No,No,,,,Maybe,No,No,No,No,Maybe,,No,,21-30
248,2014-08-27 13:37:00,29.0,Male,United Kingdom,,No,No,No,,6-25,No,No,No,No,No,No,Yes,Very easy,No,No,Yes,Yes,Maybe,Yes,Yes,No,,21-30
249,2014-08-27 13:37:00,32.0,Male,United States,NC,No,Yes,Yes,Sometimes,1-5,Yes,Yes,No,No,No,No,,,Maybe,No,Yes,Yes,No,Yes,,No,,31-40
250,2014-08-27 13:38:00,29.0,Female,United States,NY,No,Yes,Yes,Rarely,500-1000,Yes,No,Yes,Yes,Yes,,Yes,,Maybe,No,Some of them,No,Maybe,Yes,,No,,21-30
251,2014-08-27 13:39:00,23.0,Male,United States,AL,No,Yes,Yes,Sometimes,26-100,Yes,No,,No,No,,Yes,Somewhat easy,Maybe,No,Some of them,Some of them,No,Yes,Yes,No,,21-30
252,2014-08-27 13:40:00,28.0,Male,United States,GA,No,Yes,No,,100-500,No,Yes,Yes,No,No,,Yes,Somewhat easy,No,No,Some of them,Yes,No,Maybe,Yes,Yes,,21-30
253,2014-08-27 13:42:00,31.0,Male,United States,CA,No,Yes,Yes,Rarely,100-500,Yes,Yes,Yes,Yes,Yes,,Yes,Very easy,No,No,Some of them,Yes,No,Maybe,Yes,No,,31-40
254,2014-08-27 13:44:00,27.0,Male,United Kingdom,,No,No,No,,100-500,No,No,,,,,No,Very easy,Maybe,Maybe,Yes,Yes,No,No,,No,,21-30
255,2014-08-27 13:44:00,24.0,Male,United States,VA,No,No,No,Sometimes,6-25,No,Yes,,No,,,,,No,No,Yes,Yes,Maybe,Maybe,,No,,21-30
256,2014-08-27 13:46:00,29.0,Male,Canada,,No,No,No,Often,6-25,No,Yes,No,No,No,No,,Somewhat difficult,Yes,No,No,No,No,Maybe,,No,,21-30
257,2014-08-27 13:47:00,23.0,Female,United Kingdom,,No,No,Yes,Sometimes,6-25,No,Yes,,,,,,,Maybe,Maybe,Some of them,Some of them,No,Maybe,Yes,No,,21-30
258,2014-08-27 13:47:00,42.0,Male,United States,WA,No,No,No,Never,6-25,Yes,Yes,No,Yes,No,Yes,,Somewhat easy,No,No,Some of them,Yes,No,No,Yes,No,No benefits at this organization but my employer/direct supervisor has had positive and constructive conversations with me about physical and mental health. Supervisor offered solutions advice time/energy to get help if I ever felt that needed it. (though it would have to be at my own expense). I feel safe sharing personal info with this particular person/company but this environment is the exception rather than the norm in my 15 years as a tech worker. I would never feel safe enough to reveal info about any mental health concerns with any previous employers in the tech industry for fear of  negative perceptions job loss performance dings etc.,41-50
259,2014-08-27 13:48:00,24.0,Male,United Kingdom,,No,No,No,,1-5,No,Yes,No,No,No,No,,,Yes,No,Some of them,Some of them,No,Yes,No,No,,21-30
260,2014-08-27 13:49:00,25.0,Male,Australia,,No,Yes,Yes,Often,6-25,No,Yes,No,Yes,No,No,No,Very difficult,Yes,Maybe,No,No,No,Yes,No,Yes,,21-30
261,2014-08-27 13:49:00,27.0,Female,United States,TX,No,No,Yes,Rarely,6-25,No,Yes,Yes,No,No,No,Yes,,Maybe,Maybe,Yes,No,No,Maybe,,No,,21-30
262,2014-08-27 13:52:00,27.0,Male,Canada,,No,No,No,Sometimes,6-25,Yes,Yes,No,Yes,No,No,No,Very difficult,Yes,Yes,Some of them,Some of them,No,Maybe,No,No,,21-30
263,2014-08-27 13:52:00,30.0,Male,United States,FL,No,No,Yes,Sometimes,100-500,Yes,Yes,Yes,Yes,No,Yes,Yes,,No,No,Yes,Yes,Maybe,No,Yes,No,,21-30
264,2014-08-27 13:53:00,29.0,Male,Poland,,No,Yes,Yes,Rarely,6-25,No,Yes,No,Yes,No,No,Yes,Very difficult,Maybe,No,Some of them,Some of them,No,Yes,No,No,,21-30
265,2014-08-27 13:53:00,43.0,Male,Canada,,Yes,No,No,,6-25,Yes,Yes,No,,No,No,,Somewhat easy,Maybe,No,Yes,Yes,Yes,Yes,,No,,41-50
266,2014-08-27 13:53:00,32.0,Male,United States,NV,No,No,No,,6-25,No,Yes,No,Yes,No,,,Very easy,No,No,Some of them,Yes,No,Maybe,,No,,31-40
267,2014-08-27 13:54:00,41.0,Male,United States,AL,No,No,Yes,Sometimes,26-100,Yes,Yes,Yes,Yes,,No,,Very easy,No,No,Yes,Yes,Yes,Yes,Yes,No,I think I am very lucky in my workplace. Our CEO has a degree in psychology.,41-50
268,2014-08-27 13:54:00,32.0,Male,United Kingdom,,Yes,Yes,Yes,Sometimes,1-5,Yes,Yes,,,,,,Very easy,Maybe,Maybe,Yes,Some of them,Maybe,Maybe,,Yes,Some of these questions were difficult to answer as being self-employed they didn't all apply to me.,31-40
269,2014-08-27 13:55:00,37.0,Female,United States,CA,No,Yes,Yes,Often,26-100,No,Yes,Yes,Yes,No,No,Yes,,Maybe,No,Some of them,Some of them,No,Yes,,No,,31-40
270,2014-08-27 13:55:00,32.0,Male,United States,CO,No,No,No,Never,6-25,Yes,Yes,No,No,No,No,,Very easy,No,No,Yes,Yes,No,No,,No,,31-40
271,2014-08-27 13:55:00,30.0,Male,Ireland,,Yes,No,No,Sometimes,1-5,Yes,Yes,No,No,No,No,,Somewhat difficult,No,No,Some of them,Some of them,No,Maybe,No,No,,21-30
272,2014-08-27 13:56:00,23.0,Female,United States,MN,No,Yes,Yes,Never,100-500,No,No,Yes,No,,,Yes,,No,No,Some of them,Yes,Maybe,Maybe,Yes,No,,21-30
273,2014-08-27 13:56:00,30.0,Male,United States,NJ,No,No,No,,1000+,No,Yes,Yes,Yes,Yes,Yes,Yes,Very easy,No,No,Some of them,Yes,No,No,Yes,No,,21-30
274,2014-08-27 13:59:00,34.0,Male,United Kingdom,,No,No,No,Sometimes,26-100,No,Yes,No,Yes,No,No,,Somewhat easy,Maybe,Maybe,Yes,Some of them,No,No,,No,,31-40
275,2014-08-27 13:59:00,38.0,Male,United States,PA,No,No,Yes,Rarely,26-100,Yes,Yes,Yes,No,No,No,,,Yes,No,No,No,No,Maybe,No,No,,31-40
276,2014-08-27 14:01:00,33.0,Male,Canada,,No,No,No,,100-500,No,Yes,Yes,No,Yes,Yes,Yes,,No,No,Some of them,Yes,No,No,,No,,31-40
277,2014-08-27 14:01:00,34.0,Male,United States,MO,No,No,No,,26-100,No,No,Yes,No,No,No,,,Maybe,No,Some of them,No,No,No,,No,,31-40
278,2014-08-27 14:01:00,28.0,Male,Colombia,,No,No,No,Sometimes,6-25,No,Yes,No,Yes,No,No,,Somewhat easy,Maybe,Maybe,No,Some of them,No,No,,No,,21-30
279,2014-08-27 14:03:00,28.0,Male,United States,MN,No,No,Yes,Rarely,100-500,No,No,Yes,Yes,Yes,,,Very easy,Maybe,No,Some of them,Some of them,No,No,Yes,No,,21-30
280,2014-08-27 14:03:00,23.0,Male,United States,PA,No,Yes,No,Sometimes,100-500,No,Yes,,No,No,,,,Maybe,No,Some of them,No,No,Maybe,No,No,,21-30
281,2014-08-27 14:03:00,22.0,Male,Australia,,Yes,Yes,Yes,Sometimes,6-25,Yes,Yes,,,Yes,Yes,,Somewhat easy,Maybe,No,Some of them,Yes,No,Yes,No,Yes,,21-30
282,2014-08-27 14:06:00,27.0,Male,Portugal,,No,No,No,Never,6-25,No,Yes,No,No,No,No,Yes,,Yes,No,No,No,No,Maybe,,No,It's a small startup in a small city in a small country.,21-30
283,2014-08-27 14:10:00,18.0,Male,United States,TX,No,No,Yes,Sometimes,6-25,No,Yes,,No,No,,,,Yes,No,No,No,No,Maybe,,No,,11-20
284,2014-08-27 14:10:00,35.0,Male,United States,NY,No,Yes,Yes,Sometimes,26-100,No,Yes,Yes,Yes,No,No,Yes,Somewhat difficult,Yes,No,No,Some of them,No,Maybe,,No,,31-40
285,2014-08-27 14:10:00,25.0,Male,Canada,,No,No,No,,100-500,No,No,,,No,No,,,No,No,Some of them,Some of them,No,Yes,No,No,,21-30
286,2014-08-27 14:11:00,27.0,Male,United Kingdom,,No,Yes,Yes,Sometimes,6-25,No,Yes,No,No,No,No,Yes,Somewhat easy,Maybe,Maybe,Yes,Yes,Yes,Yes,Yes,No,Hi Ed it's Paul Dragoonis. I have Aspergers/High Functioning Autism :-),21-30
287,2014-08-27 14:11:00,26.0,Female,United States,WA,No,Yes,Yes,Rarely,1000+,No,Yes,Yes,,,,,,Maybe,No,Some of them,Some of them,No,No,,No,,21-30
288,2014-08-27 14:11:00,18.0,Male,United States,WA,No,No,No,Never,26-100,No,Yes,,,,,,Very easy,No,No,Some of them,Some of them,No,Maybe,Yes,No,,11-20
289,2014-08-27 14:13:00,38.0,Female,United States,TX,No,No,Yes,Sometimes,1-5,No,Yes,No,Yes,No,No,,,No,Maybe,Some of them,No,No,No,,Yes,The form of mental health problem that I suffer is anxiety.,31-40
290,2014-08-27 14:13:00,26.0,Female,United States,TX,No,Yes,Yes,Rarely,1000+,Yes,Yes,Yes,Yes,Yes,,,Somewhat easy,Maybe,No,Some of them,No,No,No,,No,,21-30
291,2014-08-27 14:13:00,30.0,Male,Switzerland,,Yes,No,No,Never,1-5,No,Yes,No,No,No,No,No,Somewhat easy,No,No,Yes,Yes,No,No,Yes,No,,21-30
292,2014-08-27 14:14:00,35.0,Male,United States,CA,No,No,No,Never,1000+,No,Yes,,No,No,,,,Yes,Maybe,Some of them,Some of them,No,No,,No,,31-40
293,2014-08-27 14:15:00,45.0,Male,United States,NY,No,Yes,Yes,Sometimes,1000+,No,Yes,Yes,Yes,,,Yes,,Maybe,No,Some of them,Some of them,No,Maybe,,No,,41-50
294,2014-08-27 14:15:00,32.0,Male,United States,CA,No,No,No,Never,1000+,No,Yes,Yes,No,No,,,,Maybe,No,Some of them,Some of them,No,No,,No,,31-40
295,2014-08-27 14:15:00,56.0,Male,United States,,No,No,Yes,Never,1000+,No,Yes,Yes,,,,,,No,Maybe,Yes,Some of them,No,Maybe,,No,,51-60
296,2014-08-27 14:16:00,24.0,Female,United States,CA,No,No,No,,500-1000,No,Yes,,,No,,,,Maybe,Maybe,Some of them,No,No,Maybe,No,No,,21-30
297,2014-08-27 14:18:00,30.0,Female,United States,SC,No,Yes,Yes,Sometimes,26-100,No,Yes,Yes,Yes,Yes,,,Very easy,No,No,Yes,Yes,No,Yes,Yes,No,,21-30
298,2014-08-27 14:18:00,60.0,Male,United States,CA,No,No,No,,1000+,No,Yes,Yes,No,,Yes,,,No,No,Some of them,Yes,Maybe,Maybe,Yes,No,,51-60
299,2014-08-27 14:18:00,33.0,Male,United States,CA,No,Yes,Yes,Sometimes,1000+,No,Yes,Yes,No,Yes,Yes,,,Yes,No,No,No,No,Maybe,,No,,31-40
300,2014-08-27 14:19:00,37.0,Male,United States,NY,No,No,No,Never,1000+,No,Yes,Yes,Yes,Yes,Yes,,,No,No,Some of them,Yes,Maybe,Maybe,,No,,31-40
301,2014-08-27 14:19:00,23.0,Female,United States,NY,No,No,Yes,Sometimes,1000+,No,Yes,Yes,Yes,Yes,Yes,,,No,No,Some of them,Some of them,No,No,Yes,No,,21-30
302,2014-08-27 14:20:00,31.0,Female,United States,CA,No,No,Yes,Sometimes,1000+,No,Yes,Yes,,,,Yes,Somewhat easy,No,No,Yes,Yes,No,No,Yes,No,,31-40
303,2014-08-27 14:20:00,26.0,Male,United States,MA,No,No,No,Rarely,100-500,No,Yes,Yes,,No,,,,No,No,Some of them,Yes,No,Maybe,,No,,21-30
304,2014-08-27 14:21:00,28.0,Female,United States,WA,No,Yes,Yes,Often,100-500,Yes,No,Yes,Yes,Yes,Yes,Yes,Somewhat easy,Yes,No,Some of them,Yes,No,No,Yes,No,,21-30
305,2014-08-27 14:21:00,37.0,Female,United States,CA,No,No,Yes,Rarely,1000+,No,Yes,Yes,Yes,,Yes,,Somewhat easy,No,No,Some of them,Yes,No,No,Yes,No,,31-40
306,2014-08-27 14:22:00,26.0,Male,Canada,,No,Yes,Yes,Often,6-25,No,Yes,Yes,No,No,,,,Maybe,No,Some of them,Some of them,Maybe,Maybe,Yes,No,,21-30
307,2014-08-27 14:22:00,30.0,Non-binary/Other,United States,IL,No,Yes,Yes,Rarely,26-100,No,Yes,Yes,,No,No,,Somewhat easy,Maybe,No,Some of them,Yes,No,No,,No,,21-30
308,2014-08-27 14:22:00,26.0,Male,United States,IN,No,No,No,,26-100,No,Yes,No,No,No,No,,,No,No,Some of them,Some of them,No,No,,Yes,,21-30
309,2014-08-27 14:22:00,25.0,Male,United States,OR,No,No,No,,26-100,Yes,Yes,,,No,,,,No,No,Some of them,Yes,No,No,,No,,21-30
310,2014-08-27 14:23:00,27.0,Male,United States,TN,No,No,No,Sometimes,100-500,No,Yes,Yes,,Yes,Yes,,,Maybe,No,Some of them,Yes,No,Maybe,,No,The thought of going through my employer directly to get help is fucking scary.Getting help is the hardest part of getting help.,21-30
311,2014-08-27 14:23:00,25.0,Male,Canada,,No,No,Yes,Often,6-25,Yes,No,,No,No,,,Somewhat difficult,Yes,Maybe,No,No,No,Maybe,,No,,21-30
312,2014-08-27 14:24:00,35.0,Male,United States,OR,No,No,Yes,Rarely,100-500,No,Yes,Yes,,,Yes,,,No,No,Some of them,Yes,No,No,,No,,31-40
313,2014-08-27 14:25:00,36.0,Male,United States,WA,Yes,No,Yes,Never,1-5,No,Yes,No,Yes,No,No,,Somewhat easy,Maybe,No,Some of them,Yes,No,No,Yes,No,,31-40
314,2014-08-27 14:25:00,26.0,Male,United States,CA,No,Yes,Yes,Sometimes,1000+,No,Yes,Yes,,No,,,,Yes,No,No,No,No,No,No,No,,21-30
315,2014-08-27 14:26:00,27.0,Male,United States,CA,No,Yes,No,,1000+,No,Yes,,No,,,,Very easy,No,No,Yes,Yes,Maybe,Maybe,Yes,No,Don't know because I haven't checked not because it's difficult to find out. If you didn't have the don't know option I would've looked up the answer.,21-30
316,2014-08-27 14:27:00,30.0,Male,United States,VT,No,No,No,,6-25,No,No,,,No,,,,Maybe,Maybe,Some of them,Some of them,No,No,,No,,21-30
317,2014-08-27 14:27:00,29.0,Male,United States,NY,No,No,No,,100-500,No,No,,,No,,,,Maybe,No,No,No,No,Maybe,,No,,21-30
318,2014-08-27 14:27:00,25.0,Male,United States,UT,No,No,No,Never,1000+,No,No,Yes,Yes,Yes,Yes,Yes,Very easy,No,No,Some of them,Yes,Maybe,Maybe,Yes,No,,21-30
319,2014-08-27 14:27:00,22.0,Female,United States,NY,No,Yes,Yes,Often,1000+,No,Yes,Yes,Yes,Yes,Yes,Yes,Somewhat easy,Maybe,No,No,Some of them,No,No,Yes,Yes,,21-30
320,2014-08-27 14:28:00,29.0,Male,Latvia,NY,No,No,No,,26-100,No,Yes,No,Yes,No,No,,Somewhat easy,Maybe,Maybe,Some of them,Some of them,No,No,,No,,21-30
321,2014-08-27 14:28:00,41.0,Male,United States,SD,No,Yes,Yes,Rarely,100-500,Yes,Yes,Yes,Yes,,Yes,Yes,Somewhat easy,No,No,Some of them,Yes,Maybe,Maybe,Yes,No,,41-50
322,2014-08-27 14:28:00,29.0,Male,United States,CA,No,No,Yes,Sometimes,1000+,No,Yes,Yes,No,No,,,,Yes,No,Some of them,Some of them,No,Maybe,No,No,,21-30
323,2014-08-27 14:28:00,32.0,Male,United States,OR,No,No,No,Never,500-1000,No,Yes,Yes,,,Yes,Yes,Somewhat easy,No,No,Some of them,Yes,Maybe,Maybe,Yes,No,,31-40
324,2014-08-27 14:28:00,24.0,Female,United States,CA,No,Yes,Yes,Sometimes,1000+,No,Yes,Yes,Yes,No,Yes,Yes,,Maybe,No,Some of them,No,No,Maybe,,No,,21-30
325,2014-08-27 14:29:00,25.0,Male,United States,CA,No,No,Yes,Rarely,6-25,No,Yes,Yes,No,,No,,,Maybe,No,No,No,No,No,,No,,21-30
326,2014-08-27 14:30:00,25.0,Male,United States,CA,No,No,No,,1000+,No,Yes,,,,,,,Maybe,No,No,No,No,Maybe,,No,,21-30
327,2014-08-27 14:31:00,30.0,Female,United States,CO,No,No,No,Never,1000+,No,Yes,Yes,Yes,Yes,Yes,Yes,Somewhat easy,Maybe,Maybe,No,Some of them,No,No,,No,,21-30
328,2014-08-27 14:31:00,25.0,Male,United States,CA,No,Yes,Yes,Sometimes,1000+,No,Yes,,,,Yes,,,No,No,Yes,Yes,No,No,Yes,No,,21-30
329,2014-08-27 14:31:00,30.0,Male,United States,OH,Yes,No,No,Never,1-5,Yes,Yes,No,Yes,No,No,,,Maybe,No,Some of them,Some of them,No,Maybe,,No,,21-30
330,2014-08-27 14:32:00,33.0,Male,Germany,,Yes,Yes,Yes,Rarely,1-5,No,No,No,No,No,No,,Somewhat difficult,Yes,Yes,No,No,Maybe,No,Yes,Yes,,31-40
331,2014-08-27 14:32:00,24.0,Male,United States,WA,No,No,No,,26-100,No,Yes,Yes,,Yes,Yes,Yes,Very easy,No,No,Some of them,Some of them,No,Maybe,Yes,No,,21-30
332,2014-08-27 14:33:00,25.0,Male,Canada,,No,Yes,Yes,Sometimes,1000+,No,Yes,Yes,Yes,No,,,,Yes,Maybe,Some of them,No,No,No,No,No,,21-30
333,2014-08-27 14:34:00,31.0,Male,United States,OH,No,No,No,,100-500,No,No,,No,No,No,Yes,Somewhat easy,Maybe,No,No,No,No,Yes,No,No,,31-40
334,2014-08-27 14:37:00,45.0,Male,Ireland,,Yes,No,Yes,Often,1-5,No,Yes,No,No,No,No,,Very difficult,No,No,No,No,No,No,,No,,41-50
335,2014-08-27 14:37:00,29.0,Male,Romania,,No,No,No,,6-25,Yes,No,No,Yes,No,No,,,Maybe,Maybe,Some of them,Some of them,Maybe,Maybe,No,No,,21-30
336,2014-08-27 14:37:00,46.0,Male,United States,WA,No,No,No,Never,26-100,No,Yes,Yes,,Yes,,,Very easy,No,No,Some of them,Some of them,Maybe,Maybe,,No,,41-50
337,2014-08-27 14:38:00,30.0,Male,United Kingdom,,No,No,Yes,Sometimes,26-100,No,Yes,,No,No,,,,Yes,Maybe,No,No,No,Maybe,,No,,21-30
338,2014-08-27 14:38:00,29.0,Female,United States,CA,Yes,No,No,Sometimes,1000+,No,Yes,Yes,,,No,,Very easy,Maybe,Maybe,Some of them,Some of them,No,No,,No,,21-30
339,2014-08-27 14:38:00,24.0,Male,United States,MA,No,No,No,,1000+,No,Yes,Yes,Yes,,,Yes,,Yes,No,No,No,No,Maybe,,No,I think there might be some bugs in my thought but I haven't sought treatment because they're not worse than annoying and I worry about having the label.,21-30
340,2014-08-27 14:38:00,29.0,Male,United States,WA,No,No,No,,26-100,No,Yes,Yes,Yes,Yes,Yes,Yes,Very easy,No,No,Some of them,Yes,No,Maybe,Yes,No,I think a lot of our policy is based on a situation that occurred in the past 5 years. A very public mental illness happened with a coworker that unfortunately ended negatively. It was definitely a catalyst to talking about our options but the overall sentiment of it being OK to take time off talk with your supervisors etc. has always been there. It's a great company.,21-30
341,2014-08-27 14:38:00,35.0,Male,United States,MI,No,No,No,,26-100,No,No,,,No,,,,No,No,Yes,Yes,No,No,No,No,,31-40
342,2014-08-27 14:39:00,33.0,Female,United States,WA,No,Yes,No,Sometimes,26-100,Yes,Yes,No,Yes,No,No,,Very difficult,Yes,Maybe,Some of them,Some of them,No,Maybe,No,No,,31-40
343,2014-08-27 14:39:00,27.0,Male,United States,CA,No,No,No,Sometimes,1000+,No,Yes,,,,,,Very easy,Yes,No,No,No,No,Maybe,No,No,Regardless of a stated lack of negative consequences for discussing mental health issues with coworkers/superiors unconscious bias is a very real thing - as long as I don't *need* to inform my co-workers my mental health issues do not need to be public knowledge.,21-30
344,2014-08-27 14:41:00,36.0,Male,United States,IA,No,No,No,,1000+,No,Yes,,,,,,,Maybe,No,Some of them,Some of them,No,No,,No,,31-40
345,2014-08-27 14:41:00,33.0,Male,United Kingdom,,No,No,No,Rarely,1-5,Yes,Yes,,No,No,No,,,Yes,Maybe,No,No,No,Maybe,No,No,,31-40
346,2014-08-27 14:44:00,25.0,Female,United States,WA,No,Yes,Yes,Sometimes,26-100,No,Yes,Yes,Yes,No,No,Yes,,No,No,Some of them,Yes,No,No,,No,,21-30
347,2014-08-27 14:45:00,23.0,Male,United States,AL,No,Yes,Yes,Sometimes,100-500,No,No,,No,No,No,,,No,No,Yes,Yes,Maybe,Yes,,No,YOU MAY WANT TO THROW OUT MY ENTRY.I answered all of these questions with the assumption that Attention Deficit Disorder is considered a mental illness and with ADD in mind.,21-30
348,2014-08-27 14:45:00,54.0,Male,United States,CA,No,Yes,Yes,Never,1000+,No,Yes,,No,Yes,Yes,,,No,No,No,Yes,No,No,,No,,51-60
349,2014-08-27 14:47:00,22.0,Male,United States,CA,No,No,No,Sometimes,1000+,No,Yes,,No,,,,,Maybe,No,Some of them,No,No,Maybe,,No,,21-30
350,2014-08-27 14:47:00,25.0,Non-binary/Other,United States,CA,No,Yes,Yes,Sometimes,1000+,No,Yes,Yes,Yes,,,,,Maybe,No,Some of them,Some of them,No,No,Yes,No,,21-30
351,2014-08-27 14:49:00,29.0,Male,Belgium,,No,No,No,Often,6-25,No,No,,No,No,No,,,Maybe,No,Yes,Yes,Maybe,Maybe,,No,In Belgium we have all medical care so perhaps some question are not relevant,21-30
352,2014-08-27 14:49:00,27.0,Male,United States,MA,No,No,Yes,Sometimes,1000+,No,Yes,Yes,Yes,Yes,Yes,Yes,,No,No,No,No,No,Yes,Yes,No,,21-30
353,2014-08-27 14:51:00,30.0,Male,United Kingdom,,No,No,No,Never,6-25,No,Yes,No,No,No,,,Very easy,No,No,Some of them,Yes,No,Maybe,Yes,No,A co-worker recently had mental health issues and my employer was very reasonable with them I don't know the full story but I do know that he was given ample time off and eased back in to the work place.,21-30
354,2014-08-27 14:52:00,26.0,Male,United States,CA,No,Yes,Yes,Often,1000+,No,Yes,Yes,,,Yes,,,Maybe,No,Some of them,No,No,No,,No,,21-30
355,2014-08-27 14:52:00,25.0,Female,Sweden,,No,Yes,No,Sometimes,6-25,No,Yes,Yes,Yes,Yes,No,,Somewhat easy,No,No,Some of them,Yes,No,No,No,No,,21-30
356,2014-08-27 14:53:00,31.0,Male,United States,CA,No,No,Yes,Sometimes,500-1000,No,No,No,Yes,No,,Yes,,No,No,Some of them,No,No,No,No,No,,31-40
357,2014-08-27 14:54:00,33.0,Male,United States,IN,No,Yes,Yes,Sometimes,26-100,No,Yes,,,No,No,,,Maybe,No,Some of them,Some of them,No,No,,No,,31-40
358,2014-08-27 14:54:00,34.0,Male,United States,WA,No,Yes,Yes,Sometimes,1000+,No,Yes,Yes,Yes,,Yes,Yes,,Maybe,Maybe,No,No,No,No,,No,,31-40
359,2014-08-27 14:57:00,34.0,Male,United States,WA,No,No,Yes,Sometimes,100-500,Yes,Yes,No,No,No,No,,Somewhat easy,Yes,Yes,Some of them,Some of them,No,Maybe,,No,,31-40
360,2014-08-27 14:58:00,29.0,Male,United States,IN,Yes,No,No,,1-5,Yes,Yes,No,Yes,No,No,Yes,Very easy,No,No,Yes,Yes,Maybe,Maybe,Yes,No,,21-30
361,2014-08-27 14:59:00,33.0,Female,United States,WA,No,No,No,,6-25,No,Yes,No,No,No,No,,Somewhat difficult,Maybe,No,Some of them,Some of them,No,No,,No,,31-40
362,2014-08-27 15:03:00,34.0,Male,Germany,,Yes,Yes,Yes,Rarely,26-100,Yes,Yes,No,No,No,,,Somewhat difficult,No,No,Yes,Yes,No,Maybe,Yes,No,,31-40
363,2014-08-27 15:04:00,26.0,Male,United States,OK,Yes,Yes,Yes,Rarely,100-500,Yes,No,No,No,No,,No,,Maybe,No,Some of them,Yes,No,Yes,No,No,,21-30
364,2014-08-27 15:05:00,32.0,Male,United States,MI,No,Yes,Yes,Rarely,1000+,No,No,Yes,Yes,Yes,Yes,Yes,,No,No,Some of them,Yes,No,Yes,Yes,No,,31-40
365,2014-08-27 15:05:00,,Male,United States,OH,No,No,Yes,Often,6-25,Yes,Yes,Yes,Yes,No,No,,,Maybe,No,Some of them,No,No,No,No,No,,
366,2014-08-27 15:09:00,28.0,Male,United States,GA,No,Yes,Yes,Sometimes,1000+,No,Yes,,,No,,,Somewhat difficult,Maybe,Maybe,No,No,No,No,No,No,,21-30
367,2014-08-27 15:11:00,35.0,Male,United States,CA,No,Yes,No,,1000+,No,Yes,Yes,No,Yes,Yes,Yes,Very easy,No,No,Some of them,Yes,No,No,,No,,31-40
368,2014-08-27 15:13:00,36.0,Male,United States,,No,Yes,Yes,Often,100-500,No,Yes,No,Yes,No,No,Yes,Very easy,No,No,Some of them,Some of them,No,No,,No,,31-40
369,2014-08-27 15:14:00,21.0,Male,United States,IN,No,Yes,Yes,Rarely,100-500,No,Yes,Yes,No,No,,Yes,,No,No,Yes,Yes,Maybe,Maybe,,No,,21-30
370,2014-08-27 15:15:00,21.0,Male,United Kingdom,,No,No,Yes,Sometimes,6-25,No,No,,,No,No,No,Very easy,Yes,No,Some of them,No,No,Maybe,No,No,,21-30
371,2014-08-27 15:15:00,22.0,Female,United States,WA,No,No,No,,1000+,No,Yes,Yes,No,Yes,Yes,Yes,Somewhat easy,No,No,No,Some of them,No,No,Yes,No,,21-30
372,2014-08-27 15:20:00,41.0,Male,United States,WA,No,Yes,Yes,Often,1000+,No,Yes,Yes,No,Yes,Yes,,Somewhat difficult,Maybe,No,Yes,Some of them,No,Maybe,No,Yes,,41-50
373,2014-08-27 15:21:00,55.0,Male,United States,PA,No,Yes,Yes,Rarely,1000+,No,Yes,Yes,Yes,Yes,Yes,Yes,Very easy,No,No,Yes,Yes,No,No,Yes,No,My refer to the mental health issue of depression.  I might answer differently if I was talking about a more serious issue like schizophrenia,51-60
374,2014-08-27 15:22:00,32.0,Female,United States,WA,No,No,Yes,Sometimes,26-100,No,Yes,Yes,Yes,Yes,Yes,Yes,Somewhat easy,Maybe,No,Some of them,Yes,No,Maybe,Yes,No,My employer does what they can providing a wellness program and pointing it out after particularly stressful times. But the interaction between the wellness program and the medical insurance is unpleasant and finding a long-term therapist / psychiatrist covered by insurance is amazingly difficult. My current lack of active treatment is due to insurance friction more than workplace friction.,31-40
375,2014-08-27 15:22:00,21.0,Female,United States,CA,No,Yes,Yes,Rarely,26-100,No,Yes,,,,No,,Somewhat easy,Yes,No,Some of them,No,No,Yes,,No,,21-30
376,2014-08-27 15:22:00,45.0,Male,United States,MA,No,No,Yes,Never,26-100,Yes,Yes,Yes,Yes,,,,,Maybe,No,No,Some of them,No,Maybe,,No,,41-50
377,2014-08-27 15:22:00,27.0,Female,United States,WA,No,No,Yes,Rarely,1000+,No,Yes,Yes,Yes,No,No,Yes,,Yes,Maybe,No,No,No,No,No,No,,21-30
378,2014-08-27 15:22:00,25.0,Female,United States,WA,No,Yes,Yes,Sometimes,26-100,Yes,Yes,,No,No,No,,,Maybe,No,Some of them,Yes,No,No,Yes,No,,21-30
379,2014-08-27 15:22:00,34.0,Female,United States,NY,No,Yes,Yes,Rarely,1000+,No,No,Yes,Yes,Yes,Yes,Yes,Very difficult,Maybe,Maybe,Some of them,Some of them,No,No,Yes,No,I work for a university.,31-40
380,2014-08-27 15:23:00,26.0,Female,United States,CA,No,Yes,Yes,Never,1000+,No,Yes,Yes,Yes,No,Yes,Yes,,Maybe,No,No,No,No,No,,No,,21-30
381,2014-08-27 15:23:00,41.0,Male,Canada,,No,No,Yes,Never,500-1000,No,Yes,Yes,,No,,,Somewhat easy,No,No,Some of them,Some of them,No,No,,No,,41-50
382,2014-08-27 15:23:00,27.0,Male,United States,CA,No,No,Yes,Rarely,1000+,No,Yes,Yes,No,Yes,Yes,Yes,,No,No,Some of them,Yes,No,Maybe,Yes,No,,21-30
383,2014-08-27 15:23:00,31.0,Male,United States,IN,No,Yes,Yes,Sometimes,26-100,Yes,Yes,Yes,No,No,No,,,No,No,Yes,Yes,No,No,,No,,31-40
384,2014-08-27 15:23:00,25.0,Male,Germany,,No,Yes,Yes,Often,26-100,Yes,Yes,No,No,No,No,Yes,Somewhat easy,No,No,Yes,Yes,No,Yes,No,No,,21-30
385,2014-08-27 15:23:00,26.0,Male,United States,NV,No,No,Yes,Sometimes,6-25,No,Yes,,No,No,No,,,Yes,Yes,Some of them,No,No,No,No,No,,21-30
386,2014-08-27 15:23:00,27.0,Female,United States,CO,No,Yes,Yes,Rarely,1000+,Yes,Yes,Yes,Yes,No,,,,Maybe,Maybe,No,Yes,No,No,,No,,21-30
387,2014-08-27 15:23:00,42.0,Male,New Zealand,,No,No,No,Never,500-1000,No,Yes,,,No,No,,,No,No,Some of them,Yes,Maybe,Maybe,,No,,41-50
388,2014-08-27 15:24:00,29.0,Nah,United States,CA,Yes,Yes,Yes,Sometimes,1-5,Yes,Yes,Yes,Yes,No,No,,Very difficult,Yes,No,Some of them,No,No,Maybe,No,No,,21-30
389,2014-08-27 15:24:00,25.0,Female,United States,CA,No,No,Yes,Sometimes,6-25,No,Yes,,,No,No,,Somewhat difficult,Yes,No,Some of them,No,No,Maybe,,No,,21-30
390,2014-08-27 15:24:00,33.0,Female,Sweden,,No,Yes,Yes,Rarely,1000+,No,Yes,Yes,Yes,No,Yes,Yes,,Maybe,No,Some of them,No,No,Yes,,No,,31-40
391,2014-08-27 15:24:00,,All,Zimbabwe,,Yes,Yes,Yes,Often,1-5,No,Yes,No,Yes,No,No,No,Very difficult,Yes,Yes,No,No,Yes,No,No,Yes,,
392,2014-08-27 15:24:00,40.0,Female,United States,PA,No,Yes,Yes,Rarely,1000+,No,No,Yes,No,,,,Somewhat easy,Maybe,Maybe,No,No,No,No,,No,,31-40
393,2014-08-27 15:24:00,31.0,Male,United States,SC,No,No,No,Never,1000+,No,Yes,,No,No,,,Somewhat easy,Yes,No,Some of them,No,No,No,,No,,31-40
394,2014-08-27 15:24:00,26.0,Male,Canada,,No,Yes,Yes,Often,26-100,Yes,Yes,,No,,,,Very easy,No,No,Yes,Yes,No,No,Yes,No,,21-30
395,2014-08-27 15:24:00,24.0,Female,United States,TX,No,Yes,No,,500-1000,No,No,No,No,No,No,No,Very difficult,Yes,Maybe,No,No,No,Maybe,No,Yes,,21-30
396,2014-08-27 15:25:00,29.0,Male,United States,TX,No,No,No,Never,1000+,No,No,Yes,,No,,,,Maybe,No,Some of them,Some of them,No,No,,No,,21-30
397,2014-08-27 15:25:00,48.0,Male,United Kingdom,,No,No,No,,26-100,No,Yes,,No,No,No,,,Maybe,Maybe,No,No,No,No,No,No,,41-50
398,2014-08-27 15:25:00,35.0,Male,United Kingdom,,No,No,No,Sometimes,6-25,No,Yes,No,No,No,No,,Very difficult,Maybe,Maybe,Some of them,Yes,No,Maybe,No,Yes,,31-40
399,2014-08-27 15:25:00,32.0,Female,United States,AL,No,No,No,Never,100-500,No,Yes,,,No,No,,,Maybe,No,No,Some of them,No,Maybe,,No,,31-40
400,2014-08-27 15:25:00,29.0,Male,Canada,,No,No,Yes,Sometimes,100-500,No,Yes,,,,,Yes,Somewhat easy,Maybe,No,Some of them,Some of them,No,Maybe,Yes,No,Being in Canada there are several health options that are available to Canadian citizens/perm residents for free so employers may not provide resources because they are available elsewhere. Otherwise good quiz. I hope this benefits everyone who's dealt with mental health issues in the past!,21-30
401,2014-08-27 15:26:00,26.0,Male,United States,OR,No,Yes,Yes,Often,6-25,No,Yes,Yes,Yes,No,No,,Somewhat difficult,Maybe,No,Some of them,Yes,No,No,No,No,,21-30
402,2014-08-27 15:26:00,28.0,Male,United States,NJ,No,Yes,Yes,Sometimes,26-100,No,Yes,Yes,Yes,No,No,,,Maybe,No,Some of them,No,No,Maybe,No,No,,21-30
403,2014-08-27 15:26:00,23.0,Male,United States,CA,No,No,No,,1000+,No,Yes,,No,No,,,,No,No,Some of them,Yes,No,Maybe,No,No,,21-30
404,2014-08-27 15:26:00,35.0,Male,United States,CA,No,Yes,Yes,Sometimes,100-500,No,Yes,Yes,Yes,No,No,,Very difficult,Maybe,Maybe,Some of them,Some of them,No,Maybe,No,Yes,I'm troubled by the way that our hiring process tends to filter out non-neurotypicals of all stripes. Competent people who act a little funny can be hard to hire.,31-40
405,2014-08-27 15:27:00,29.0,Male,Germany,,No,Yes,Yes,Sometimes,26-100,No,Yes,,No,No,No,,Very easy,Maybe,No,Some of them,Some of them,Maybe,Maybe,,No,,21-30
406,2014-08-27 15:27:00,26.0,Male,United States,CA,No,Yes,No,,6-25,No,Yes,Yes,Yes,No,Yes,Yes,Very easy,No,No,Some of them,Yes,Maybe,Maybe,No,No,,21-30
407,2014-08-27 15:27:00,33.0,Male,United States,NH,No,Yes,Yes,Never,26-100,Yes,Yes,Yes,Yes,Yes,Yes,,,Yes,Maybe,Yes,Some of them,No,No,Yes,No,,31-40
408,2014-08-27 15:27:00,33.0,Male,United States,CA,No,No,No,,1000+,Yes,Yes,,No,,,,,Yes,No,Some of them,No,No,Maybe,Yes,No,,31-40
409,2014-08-27 15:28:00,22.0,Male,Brazil,,Yes,No,No,Never,6-25,Yes,Yes,,No,No,No,,Somewhat easy,No,No,Yes,Yes,Maybe,No,,No,,21-30
410,2014-08-27 15:28:00,30.0,Female,Spain,,No,Yes,No,,500-1000,No,Yes,No,No,No,No,,,Yes,Maybe,No,No,No,No,,No,,21-30
411,2014-08-27 15:29:00,33.0,Male,United States,OH,No,Yes,Yes,Often,1000+,Yes,Yes,Yes,Yes,No,No,,Somewhat easy,Yes,No,No,No,No,No,No,No,,31-40
412,2014-08-27 15:29:00,31.0,Female,United States,OH,No,Yes,Yes,Rarely,1000+,No,No,,,No,,,Very difficult,Yes,Maybe,No,No,No,Maybe,No,No,,31-40
413,2014-08-27 15:29:00,21.0,Male,United States,MA,No,Yes,No,Never,1000+,No,Yes,,,,,,,No,No,Some of them,Some of them,No,Maybe,,Yes,,21-30
414,2014-08-27 15:30:00,31.0,Non-binary/Other,United Kingdom,,No,Yes,Yes,Sometimes,1000+,No,Yes,,No,No,No,,,Yes,Maybe,No,No,No,Yes,Yes,No,,31-40
415,2014-08-27 15:31:00,26.0,Female,United States,OK,No,No,Yes,Sometimes,100-500,Yes,Yes,,,,,,Somewhat difficult,No,No,Some of them,Some of them,No,No,Yes,No,,21-30
416,2014-08-27 15:31:00,30.0,Male,United States,CA,No,Yes,No,Often,6-25,No,Yes,,No,No,,,Somewhat easy,Maybe,No,Some of them,Yes,No,No,,No,,21-30
417,2014-08-27 15:31:00,30.0,Fluid,Germany,,No,Yes,Yes,Sometimes,100-500,No,Yes,,,No,No,,Somewhat difficult,No,No,Yes,Yes,Maybe,Maybe,No,No,In Germany your employer doesn't really provide mental health benefits. There's a standard and I get that but I would get the same at any other company in Germany.,21-30
418,2014-08-27 15:31:00,23.0,Male,India,,No,No,No,,6-25,No,Yes,No,No,No,No,,,No,No,Some of them,Yes,Maybe,Maybe,No,No,,21-30
419,2014-08-27 15:31:00,34.0,Male,Finland,,No,No,No,Never,6-25,No,Yes,No,No,No,No,,Somewhat easy,No,No,Yes,Yes,No,Maybe,,No,,31-40
420,2014-08-27 15:31:00,55.0,Male,United States,ID,No,Yes,Yes,Sometimes,1-5,Yes,Yes,No,Yes,No,,,,Yes,Maybe,No,No,No,No,No,Yes,,51-60
421,2014-08-27 15:32:00,28.0,Male,Germany,,No,Yes,Yes,Rarely,1-5,Yes,Yes,Yes,No,No,No,Yes,Very easy,No,No,Yes,Yes,No,No,Yes,No,fwiw I am a co founder of this company and the would you X in an interview questions shouldn't reflect how I would treat anyone addressing their own phys/mental health issue to me in such a situation.,21-30
422,2014-08-27 15:32:00,26.0,Male,Uruguay,,No,No,No,,26-100,Yes,Yes,,No,,No,,,No,No,Some of them,No,No,Yes,,No,,21-30
423,2014-08-27 15:32:00,28.0,Male,New Zealand,,No,Yes,Yes,Sometimes,6-25,Yes,Yes,Yes,Yes,Yes,No,,Very easy,No,No,Yes,Yes,Yes,Yes,Yes,No,,21-30
424,2014-08-27 15:34:00,32.0,Male,United Kingdom,,No,Yes,Yes,Sometimes,6-25,No,Yes,No,No,No,,,Somewhat easy,No,No,Some of them,Yes,No,No,,No,,31-40
425,2014-08-27 15:34:00,28.0,Female,United States,NY,No,No,Yes,Rarely,1000+,No,No,Yes,Yes,No,,,,Maybe,No,No,No,No,No,,No,,21-30
426,2014-08-27 15:34:00,21.0,Male,United States,CA,No,No,No,Sometimes,6-25,No,No,,,No,Yes,Yes,,No,No,Some of them,Some of them,Maybe,Maybe,Yes,No,,21-30
427,2014-08-27 15:35:00,24.0,Male,United States,TX,No,Yes,Yes,Sometimes,100-500,No,Yes,No,Yes,No,No,,Somewhat difficult,Yes,No,Some of them,Some of them,No,Maybe,No,Yes,,21-30
428,2014-08-27 15:35:00,26.0,Female,United States,MD,No,No,No,,1000+,No,No,Yes,,Yes,,,,Maybe,No,Some of them,No,No,No,,No,,21-30
429,2014-08-27 15:35:00,23.0,Male,United States,IN,No,No,No,,1000+,No,No,Yes,No,No,No,,,No,No,Yes,No,No,Yes,,No,,21-30
430,2014-08-27 15:36:00,24.0,Female,United States,OR,No,No,No,,1000+,No,Yes,Yes,Yes,Yes,Yes,Yes,Somewhat easy,No,No,Some of them,Some of them,Yes,Yes,Yes,No,,21-30
431,2014-08-27 15:36:00,28.0,Male,Canada,,Yes,No,No,Never,100-500,Yes,Yes,,No,No,No,,Somewhat easy,Maybe,No,Some of them,Yes,No,No,Yes,No,,21-30
432,2014-08-27 15:38:00,24.0,Female,United States,NY,No,Yes,Yes,Rarely,6-25,No,Yes,No,No,No,No,,Very easy,Yes,No,No,Some of them,No,Yes,Yes,No,,21-30
433,2014-08-27 15:38:00,33.0,Male,United States,MS,Yes,No,Yes,Often,1-5,Yes,Yes,No,No,No,No,Yes,Somewhat easy,Yes,Maybe,Some of them,Some of them,Yes,Yes,,No,,31-40
434,2014-08-27 15:38:00,34.0,Male,United States,NJ,No,No,No,Sometimes,26-100,No,Yes,,No,No,No,,,Maybe,No,Yes,Yes,No,Maybe,,No,,31-40
435,2014-08-27 15:38:00,27.0,Female,United States,CA,No,No,Yes,Sometimes,26-100,No,Yes,,,No,No,,Somewhat difficult,Maybe,Maybe,Some of them,Some of them,No,No,,No,I talked to a psychiatrist once about taking medical leave for mental health issues with his referral. He was willing to help but warned me that I may not want to as he's seen that sort of thing follow people throughout their tech careers (word gets out even if it's confidential at work). I've been terrified of bringing mental health up anywhere that coworkers or potential employers could see ever since.,21-30
436,2014-08-27 15:38:00,28.0,Male,United States,TN,No,No,No,Never,6-25,No,Yes,,No,No,,,,No,No,Some of them,Yes,No,No,,No,,21-30
437,2014-08-27 15:39:00,26.0,Male,United States,WA,No,No,No,,1000+,No,Yes,,,,,,,No,No,Some of them,Yes,No,No,,Yes,,21-30
438,2014-08-27 15:40:00,20.0,Male,Australia,,No,No,No,,100-500,Yes,Yes,,,,,Yes,Very easy,No,No,Some of them,Yes,No,No,,No,,11-20
439,2014-08-27 15:43:00,23.0,Female,United States,MA,No,No,Yes,Sometimes,26-100,No,Yes,Yes,Yes,No,,,,Maybe,No,Some of them,No,No,Maybe,,No,,21-30
440,2014-08-27 15:43:00,29.0,Male,United States,PA,No,Yes,Yes,Rarely,1-5,Yes,Yes,Yes,Yes,Yes,Yes,Yes,Somewhat easy,No,No,Yes,Yes,Maybe,Maybe,Yes,No,,21-30
441,2014-08-27 15:43:00,26.0,Male,United Kingdom,,No,Yes,No,Sometimes,6-25,No,Yes,No,No,No,No,,,Maybe,Maybe,No,No,No,Maybe,No,No,,21-30
442,2014-08-27 15:43:00,36.0,Male,United States,KY,No,No,No,Rarely,1000+,Yes,Yes,Yes,No,Yes,,,Somewhat easy,Maybe,No,No,No,No,No,,No,,31-40
443,2014-08-27 15:44:00,41.0,Male,United States,PA,No,No,Yes,Sometimes,1000+,No,Yes,Yes,Yes,Yes,Yes,Yes,,Maybe,No,Some of them,Yes,Maybe,Yes,Yes,Yes,,41-50
444,2014-08-27 15:44:00,33.0,Female,United States,MA,No,No,No,,100-500,Yes,Yes,Yes,No,,No,,,No,No,Some of them,Yes,No,No,Yes,No,,31-40
445,2014-08-27 15:46:00,23.0,Male,Canada,,No,Yes,Yes,Sometimes,6-25,No,Yes,Yes,Yes,No,No,Yes,Very easy,No,No,Yes,Yes,No,No,Yes,No,,21-30
446,2014-08-27 15:46:00,39.0,Male,United States,CA,No,Yes,No,Often,1000+,No,Yes,Yes,No,No,,,,Yes,No,Some of them,Some of them,No,Maybe,No,Yes,,31-40
447,2014-08-27 15:47:00,34.0,Male,United States,VT,No,Yes,No,,1000+,No,Yes,Yes,,,,,,Maybe,No,Some of them,Some of them,No,Maybe,,Yes,,31-40
448,2014-08-27 15:47:00,26.0,Female,United States,CA,No,No,Yes,Sometimes,100-500,No,Yes,Yes,Yes,No,No,,Somewhat difficult,Yes,Maybe,Some of them,Some of them,No,No,No,Yes,,21-30
449,2014-08-27 15:50:00,24.0,Male,United States,AZ,No,No,Yes,Rarely,26-100,No,Yes,Yes,Yes,Yes,No,,,No,No,Some of them,Yes,No,No,,No,,21-30
450,2014-08-27 15:51:00,37.0,Male,Canada,,No,Yes,Yes,Rarely,1000+,No,No,Yes,Yes,Yes,Yes,,,Maybe,Maybe,Some of them,Some of them,No,No,,No,,31-40
451,2014-08-27 15:53:00,43.0,Male,United States,MA,Yes,Yes,Yes,Often,6-25,Yes,Yes,Yes,Yes,No,No,Yes,Very easy,No,No,Yes,Yes,Maybe,Maybe,Yes,No,So much depends upon the organization.,41-50
452,2014-08-27 15:53:00,40.0,Non-binary/Other,United States,VA,No,Yes,No,Never,1000+,No,Yes,Yes,Yes,Yes,,Yes,,Yes,Maybe,No,Some of them,No,Maybe,Yes,No,,31-40
453,2014-08-27 15:54:00,30.0,Male,United States,WA,No,Yes,Yes,Often,1000+,No,Yes,Yes,Yes,Yes,No,,Very difficult,Yes,No,Some of them,No,No,No,No,Yes,,21-30
454,2014-08-27 15:55:00,34.0,Male,United States,CA,No,No,Yes,Sometimes,6-25,No,Yes,,,No,No,,,Yes,Yes,Some of them,No,No,No,,No,Now at starutp.  Previously worked at big tech company which was actually quite good at supporting mental health issues.  Still wouldn't share with bosses/other employees though as there remains a strong negative stigma.,31-40
455,2014-08-27 15:55:00,27.0,Male,United States,OR,No,Yes,Yes,Sometimes,100-500,No,Yes,,,No,,,,Yes,No,No,No,No,Yes,,No,,21-30
456,2014-08-27 15:55:00,36.0,Male,United States,MI,No,No,No,Sometimes,1000+,No,Yes,,No,No,No,Yes,Somewhat easy,No,No,Yes,Yes,Maybe,Yes,,No,,31-40
457,2014-08-27 15:56:00,27.0,Male,Brazil,,No,No,No,Rarely,6-25,No,Yes,No,Yes,No,No,,Somewhat easy,Maybe,No,Some of them,Some of them,No,Maybe,No,No,,21-30
458,2014-08-27 15:58:00,35.0,Male,Netherlands,,No,Yes,No,Never,100-500,No,Yes,Yes,No,No,No,Yes,,Yes,No,No,No,No,Maybe,,No,Nice job on the text field for gender :-),31-40
459,2014-08-27 15:59:00,32.0,Male,United Kingdom,,No,No,No,Never,6-25,No,Yes,No,No,No,No,,,Maybe,No,Some of them,No,No,Yes,Yes,No,,31-40
460,2014-08-27 15:59:00,37.0,Male,United States,OR,No,No,No,,500-1000,No,Yes,Yes,No,No,No,,,Maybe,Maybe,Some of them,Some of them,No,No,,No,,31-40
461,2014-08-27 16:00:00,29.0,Male,United Kingdom,,No,No,No,,26-100,No,Yes,,No,,,,,No,No,Some of them,Yes,Maybe,Maybe,Yes,No,,21-30
462,2014-08-27 16:01:00,33.0,Female,United States,CA,No,No,No,Never,500-1000,No,Yes,Yes,,Yes,Yes,,Very easy,Maybe,No,Some of them,Yes,No,No,Yes,No,I currently have the best managers I've ever worked with. I don't have any issues but one of my coworkers recently did and it was handled extremely well.,31-40
463,2014-08-27 16:01:00,28.0,Male,United States,UT,No,No,No,Sometimes,6-25,Yes,Yes,No,Yes,No,No,,Somewhat easy,Yes,Maybe,Some of them,No,No,No,,No,,21-30
464,2014-08-27 16:02:00,26.0,Female,United States,CA,No,Yes,No,Never,26-100,No,Yes,,,No,No,,Somewhat difficult,Maybe,Maybe,Some of them,No,No,Maybe,No,No,,21-30
465,2014-08-27 16:03:00,27.0,Male,United States,TX,No,Yes,Yes,Sometimes,6-25,Yes,Yes,,No,Yes,,,Somewhat easy,Yes,No,Some of them,Yes,No,Maybe,Yes,No,,21-30
466,2014-08-27 16:04:00,38.0,Male,United Kingdom,,Yes,No,Yes,Sometimes,26-100,Yes,Yes,No,No,No,No,Yes,Somewhat easy,Maybe,Maybe,Some of them,Yes,No,Maybe,Yes,No,,31-40
467,2014-08-27 16:06:00,57.0,Male,United States,CA,No,Yes,Yes,Rarely,1000+,No,Yes,Yes,Yes,No,No,,,Maybe,No,Some of them,Yes,No,Maybe,No,No,,51-60
468,2014-08-27 16:07:00,28.0,Male,United Kingdom,,No,No,Yes,Sometimes,1000+,No,Yes,No,No,No,No,No,Very difficult,Yes,Maybe,No,Some of them,No,Maybe,No,No,,21-30
469,2014-08-27 16:10:00,26.0,Male,France,,No,No,No,Never,6-25,No,Yes,No,Yes,No,No,,,Maybe,No,Yes,Yes,Maybe,Maybe,No,No,,21-30
470,2014-08-27 16:11:00,42.0,Female,Netherlands,,No,No,Yes,Rarely,100-500,Yes,Yes,Yes,Yes,No,No,Yes,,Yes,No,Some of them,No,No,Maybe,,No,,41-50
471,2014-08-27 16:13:00,31.0,Male,United States,OR,No,No,Yes,Sometimes,100-500,Yes,Yes,Yes,Yes,Yes,Yes,Yes,Very easy,No,No,Some of them,Yes,No,No,Yes,No,,31-40
472,2014-08-27 16:13:00,58.0,Male,United States,CA,No,No,Yes,Rarely,1000+,No,Yes,Yes,Yes,Yes,Yes,Yes,Somewhat easy,Maybe,No,Some of them,Yes,No,Yes,Yes,No,,51-60
473,2014-08-27 16:13:00,29.0,Male,United States,OH,No,No,No,Sometimes,6-25,No,Yes,,No,No,No,,Very difficult,Yes,No,No,No,No,Maybe,No,No,,21-30
474,2014-08-27 16:14:00,39.0,Female,United Kingdom,,No,No,Yes,Sometimes,1000+,No,Yes,Yes,Yes,No,Yes,,,Yes,No,Some of them,Some of them,No,Maybe,No,Yes,,31-40
475,2014-08-27 16:14:00,34.0,Male,United States,OH,No,No,No,Sometimes,6-25,Yes,Yes,,No,No,No,,Very difficult,Maybe,No,Some of them,Yes,No,Maybe,,No,,31-40
476,2014-08-27 16:15:00,57.0,Male,United States,CA,No,No,Yes,Sometimes,1000+,No,Yes,Yes,,Yes,Yes,,,Maybe,Maybe,No,No,No,Maybe,,No,,51-60
477,2014-08-27 16:15:00,27.0,Male,Germany,,No,Yes,Yes,Sometimes,6-25,No,Yes,No,,No,No,,Somewhat difficult,Yes,Maybe,Some of them,No,No,No,No,Yes,,21-30
478,2014-08-27 16:16:00,23.0,Male,Germany,,Yes,Yes,Yes,Often,26-100,Yes,Yes,,No,,,,,No,Maybe,Yes,Yes,Maybe,Yes,,No,you rock for doing this!,21-30
479,2014-08-27 16:16:00,18.0,Male,Finland,,No,No,No,,500-1000,Yes,No,,No,No,,,Very easy,Yes,No,No,No,No,Maybe,,No,,11-20
480,2014-08-27 16:17:00,30.0,Female,United States,NY,No,No,No,,100-500,No,Yes,,,No,No,,,Maybe,No,Some of them,Yes,No,Maybe,,No,,21-30
481,2014-08-27 16:17:00,23.0,Male,United States,VA,No,No,No,Never,26-100,No,No,,,,,,,No,No,Yes,Yes,Maybe,Yes,Yes,No,,21-30
482,2014-08-27 16:18:00,43.0,Male,United States,CA,No,No,Yes,Sometimes,1000+,No,Yes,Yes,Yes,Yes,Yes,Yes,Somewhat easy,Yes,Maybe,No,No,No,Yes,,No,,41-50
483,2014-08-27 16:19:00,18.0,Female,United Kingdom,,No,Yes,Yes,Sometimes,1-5,Yes,Yes,,,,,,,Maybe,Maybe,Some of them,Some of them,Maybe,Maybe,,No,I don't have a job :D,11-20
484,2014-08-27 16:19:00,29.0,Male,United States,IL,No,No,Yes,Rarely,6-25,No,Yes,Yes,Yes,No,No,,,Maybe,No,Some of them,No,No,Maybe,,No,,21-30
485,2014-08-27 16:20:00,48.0,Male,United States,TX,No,No,No,Never,6-25,No,Yes,,No,No,,,,Maybe,No,No,No,No,Maybe,,No,,41-50
486,2014-08-27 16:20:00,43.0,Male,Germany,,No,No,Yes,Sometimes,26-100,No,No,No,Yes,,No,,Somewhat easy,Maybe,No,Some of them,Some of them,No,Yes,No,Yes,,41-50
487,2014-08-27 16:21:00,28.0,Female,United States,NY,No,Yes,Yes,Sometimes,26-100,No,Yes,,,No,No,,,Yes,Maybe,Some of them,No,No,Maybe,,No,,21-30
488,2014-08-27 16:21:00,30.0,Male,United States,CA,Yes,Yes,Yes,Often,1-5,Yes,Yes,No,Yes,No,No,Yes,Very easy,No,No,Yes,Yes,No,No,Yes,No,,21-30
489,2014-08-27 16:21:00,26.0,Male,Israel,MD,No,No,No,Sometimes,6-25,No,Yes,No,No,No,No,Yes,Very easy,Maybe,No,Some of them,Yes,No,Maybe,Yes,No,Israel has public health insurance for everyone. Everyone has free mental health coverage and it's quite good. So that explains some of my answers.,21-30
490,2014-08-27 16:21:00,33.0,Male,Italy,,No,No,No,Never,6-25,No,No,No,No,No,No,,,Maybe,Maybe,Some of them,Some of them,No,No,No,No,,31-40
491,2014-08-27 16:22:00,31.0,Male,United States,CA,No,No,No,,1000+,No,Yes,Yes,,,,Yes,,No,No,No,Some of them,No,No,Yes,No,,31-40
492,2014-08-27 16:22:00,30.0,Male,United States,PA,No,No,No,Rarely,100-500,No,No,,,No,No,,,No,No,Some of them,Some of them,No,No,,No,,21-30
493,2014-08-27 16:23:00,27.0,Male,Israel,,No,No,No,,26-100,No,Yes,No,No,No,No,,Somewhat difficult,Yes,No,Some of them,No,No,Maybe,No,Yes,,21-30
494,2014-08-27 16:25:00,24.0,Female,United States,CA,Yes,Yes,Yes,Sometimes,1-5,Yes,Yes,No,No,,,,,No,No,Some of them,Some of them,No,No,,Yes,,21-30
495,2014-08-27 16:26:00,25.0,Male,United States,WA,No,No,No,,26-100,No,Yes,,,,,,,Maybe,No,Some of them,No,No,No,,No,,21-30
496,2014-08-27 16:27:00,23.0,Female,United States,NY,No,Yes,Yes,Often,1000+,No,Yes,Yes,,,No,,,Maybe,No,Some of them,Some of them,No,No,Yes,Yes,,21-30
497,2014-08-27 16:27:00,36.0,Male,United States,TX,No,No,Yes,Sometimes,1000+,No,No,Yes,,No,No,,Somewhat difficult,Yes,Maybe,Some of them,No,No,No,No,Yes,Stigma is the worst. People first language is a small step but we can't get that right.,31-40
498,2014-08-27 16:28:00,25.0,Female,United States,CA,Yes,Yes,Yes,Often,1-5,Yes,Yes,,,No,No,Yes,Somewhat difficult,Yes,No,Some of them,No,No,Maybe,No,Yes,,21-30
499,2014-08-27 16:28:00,54.0,Male,United Kingdom,,No,No,Yes,Sometimes,1000+,Yes,No,No,Yes,Yes,Yes,Yes,Very easy,No,No,Yes,Yes,Maybe,Maybe,No,No,,51-60
500,2014-08-27 16:29:00,34.0,Male,Netherlands,,No,No,No,Rarely,6-25,No,Yes,,,,,,Somewhat easy,No,No,Some of them,Some of them,No,Maybe,Yes,No,-,31-40
501,2014-08-27 16:29:00,38.0,Female,United States,AZ,No,No,Yes,,26-100,No,Yes,Yes,Yes,No,No,Yes,,Maybe,Maybe,No,No,No,No,No,No,,31-40
502,2014-08-27 16:31:00,40.0,Male,Ireland,,Yes,Yes,No,,1000+,No,Yes,No,No,No,No,No,,Yes,Maybe,Some of them,No,No,Maybe,No,Yes,,31-40
503,2014-08-27 16:32:00,32.0,Male,United Kingdom,,No,No,No,,26-100,No,Yes,No,,No,,,,No,No,No,Some of them,No,Maybe,,No,,31-40
504,2014-08-27 16:34:00,25.0,Male,Germany,,No,No,No,Never,1000+,No,No,,,,Yes,,,No,No,Yes,Yes,No,Yes,,No,,21-30
505,2014-08-27 16:35:00,35.0,Female,United States,OH,No,No,Yes,Sometimes,100-500,No,Yes,No,Yes,No,No,,,Yes,Maybe,No,No,No,Maybe,No,No,,31-40
506,2014-08-27 16:36:00,46.0,Male,United States,CA,No,No,Yes,Sometimes,1000+,No,Yes,Yes,Yes,Yes,Yes,,,Maybe,No,Some of them,No,No,No,Yes,No,,41-50
507,2014-08-27 16:39:00,42.0,Male,United States,KS,No,No,No,Never,100-500,No,No,Yes,No,Yes,No,,Very difficult,Maybe,No,Yes,Yes,Maybe,Yes,No,No,,41-50
508,2014-08-27 16:39:00,32.0,Male,United Kingdom,,No,Yes,Yes,Sometimes,6-25,Yes,Yes,Yes,No,No,No,,,No,No,Yes,Yes,Maybe,Maybe,Yes,No,,31-40
509,2014-08-27 16:40:00,47.0,Male,United States,CA,No,Yes,Yes,Sometimes,1000+,No,Yes,Yes,Yes,Yes,Yes,,Very easy,No,No,Some of them,Yes,No,Yes,Yes,No,,41-50
510,2014-08-27 16:42:00,22.0,Male,United States,CA,No,No,No,,1000+,No,Yes,Yes,,Yes,,Yes,,No,No,Some of them,Yes,No,Maybe,Yes,No,,21-30
511,2014-08-27 16:42:00,33.0,Female,United States,NY,No,No,Yes,Sometimes,500-1000,Yes,Yes,Yes,Yes,Yes,Yes,,Very easy,No,No,Some of them,Some of them,No,No,,No,,31-40
512,2014-08-27 16:47:00,25.0,Female,United States,WA,No,No,No,Sometimes,6-25,No,Yes,No,No,No,No,No,Somewhat easy,Maybe,No,Some of them,No,No,No,Yes,No,,21-30
513,2014-08-27 16:53:00,29.0,Male,United States,CA,No,No,No,,1000+,No,Yes,,,No,,,,Maybe,No,No,No,No,Maybe,,No,,21-30
514,2014-08-27 16:55:00,39.0,Male,United States,WA,No,No,No,Never,26-100,No,Yes,Yes,Yes,Yes,Yes,Yes,Very easy,No,No,Yes,Yes,No,No,Yes,No,I work for an extremely supportive company and we are amazingly open about mental health issues. Employees often share their struggles with the whole team and receive a high level of support in return.,31-40
515,2014-08-27 17:00:00,38.0,Male,United States,VA,No,Yes,Yes,Sometimes,1000+,No,Yes,Yes,,Yes,Yes,Yes,,Yes,No,No,No,No,No,No,No,,31-40
516,2014-08-27 17:03:00,43.0,Male,United States,NC,No,No,No,,6-25,Yes,Yes,,No,No,,,,Maybe,No,Some of them,No,No,No,,No,,41-50
517,2014-08-27 17:04:00,46.0,Male,United States,OH,No,No,Yes,Rarely,500-1000,Yes,Yes,Yes,,Yes,Yes,Yes,,No,No,Some of them,Yes,No,Maybe,Yes,No,,41-50
518,2014-08-27 17:08:00,38.0,Female,United States,PA,No,Yes,Yes,Sometimes,1000+,No,No,Yes,Yes,Yes,Yes,Yes,Very easy,Maybe,No,Yes,Yes,No,No,No,Yes,,31-40
519,2014-08-27 17:09:00,33.0,Male,Germany,,No,No,Yes,Sometimes,6-25,No,Yes,Yes,Yes,No,No,Yes,Very easy,Yes,Yes,Some of them,Some of them,No,Maybe,No,No,,31-40
520,2014-08-27 17:10:00,34.0,Male,United Kingdom,,No,Yes,Yes,Often,26-100,No,Yes,No,Yes,No,No,Yes,Very easy,Maybe,Maybe,Yes,Yes,No,No,No,No,,31-40
521,2014-08-27 17:12:00,62.0,Male,United States,CA,No,No,No,Never,1000+,No,Yes,Yes,Yes,,Yes,,,Maybe,No,Some of them,Yes,Maybe,Maybe,Yes,No,,61+
522,2014-08-27 17:14:00,23.0,Female,United States,TX,No,No,No,,1000+,No,No,,,,,Yes,,Maybe,Maybe,Some of them,Some of them,No,No,,No,,21-30
523,2014-08-27 17:15:00,35.0,Male,United States,AZ,No,No,No,,1000+,No,No,No,No,No,No,,,Maybe,Maybe,No,No,No,No,No,No,,31-40
524,2014-08-27 17:19:00,25.0,Male,Bosnia and Herzegovina,,No,Yes,No,Rarely,26-100,Yes,Yes,,,,,,,Maybe,Yes,No,No,No,No,,Yes,,21-30
525,2014-08-27 17:22:00,36.0,Male,United States,IL,Yes,Yes,Yes,Sometimes,1-5,Yes,Yes,,Yes,,No,Yes,Somewhat difficult,Maybe,No,Some of them,Yes,No,Yes,Yes,No,,31-40
526,2014-08-27 17:32:00,41.0,Female,United States,,No,Yes,Yes,Rarely,500-1000,Yes,Yes,Yes,Yes,Yes,Yes,Yes,Very easy,Maybe,Maybe,Some of them,Some of them,No,No,Yes,No,,41-50
527,2014-08-27 17:33:00,24.0,Male,Austria,,Yes,No,No,Sometimes,1-5,No,Yes,Yes,Yes,,,Yes,Somewhat easy,No,No,Some of them,Some of them,Maybe,Maybe,Yes,No,,21-30
528,2014-08-27 17:33:00,51.0,Male,New Zealand,,No,No,Yes,Sometimes,26-100,Yes,Yes,No,Yes,Yes,No,No,Somewhat difficult,Yes,Yes,No,No,No,No,,Yes,,51-60
529,2014-08-27 17:33:00,29.0,Male,United States,NC,No,No,Yes,Sometimes,6-25,No,Yes,Yes,Yes,No,Yes,Yes,Very easy,No,No,No,Some of them,No,No,Yes,No,,21-30
530,2014-08-27 17:37:00,31.0,Female,Canada,,Yes,Yes,Yes,Sometimes,100-500,Yes,Yes,,,,,,,Maybe,Maybe,Some of them,Yes,No,No,Yes,No,,31-40
531,2014-08-27 17:39:00,27.0,Male,United Kingdom,,No,No,No,,6-25,No,Yes,No,No,No,No,,,No,No,Some of them,Yes,No,Yes,,No,,21-30
532,2014-08-27 17:41:00,31.0,Male,Australia,,No,No,Yes,Rarely,100-500,No,Yes,Yes,Yes,Yes,Yes,,Somewhat easy,No,No,Yes,Yes,Yes,Yes,No,No,,31-40
533,2014-08-27 17:42:00,27.0,Female,Hungary,,Yes,Yes,No,Sometimes,1-5,Yes,Yes,No,No,No,No,No,Very difficult,Yes,Maybe,No,No,No,Maybe,No,No,,21-30
534,2014-08-27 17:46:00,23.0,Male,Sweden,,No,No,No,Rarely,6-25,No,Yes,,No,No,,,Very easy,No,No,Some of them,Yes,Maybe,Maybe,Yes,No,,21-30
535,2014-08-27 17:47:00,21.0,Male,Canada,,No,No,No,Never,26-100,No,Yes,,,,No,,,Yes,Maybe,No,No,No,Maybe,,No,,21-30
536,2014-08-27 17:48:00,27.0,Female,Australia,,No,Yes,Yes,Sometimes,6-25,No,Yes,No,Yes,No,No,No,Somewhat difficult,Yes,No,Some of them,Some of them,No,No,No,No,,21-30
537,2014-08-27 17:49:00,39.0,Male,United States,WI,No,Yes,Yes,Often,26-100,Yes,Yes,Yes,Yes,Yes,Yes,,Somewhat easy,Yes,No,Some of them,Yes,No,No,No,No,,31-40
538,2014-08-27 17:49:00,26.0,Male,United States,CA,No,Yes,Yes,Never,1000+,No,Yes,,No,No,,,,Maybe,No,No,No,No,No,No,No,,21-30
539,2014-08-27 17:52:00,27.0,Male,United Kingdom,,No,No,No,Never,6-25,No,Yes,,No,No,No,,,Maybe,Maybe,Some of them,Some of them,No,No,,No,,21-30
540,2014-08-27 17:56:00,22.0,Female,United States,CA,No,Yes,Yes,Sometimes,500-1000,No,Yes,Yes,Yes,No,,,,No,No,Some of them,Some of them,No,No,No,Yes,,21-30
541,2014-08-27 18:00:00,26.0,Female,United States,MN,No,Yes,Yes,Often,100-500,No,No,,No,No,No,,Somewhat difficult,Maybe,No,No,No,No,Maybe,No,No,,21-30
542,2014-08-27 18:02:00,31.0,Female,United States,PA,No,Yes,Yes,Rarely,100-500,No,Yes,Yes,Yes,No,No,Yes,Somewhat easy,No,No,Yes,Yes,No,No,Yes,No,,31-40
543,2014-08-27 18:02:00,32.0,Male,United Kingdom,,No,No,No,Never,6-25,No,Yes,,No,No,No,,,No,No,Yes,Yes,Yes,Yes,Yes,No,,31-40
544,2014-08-27 18:12:00,28.0,Female,United States,CA,No,Yes,Yes,Often,100-500,Yes,Yes,Yes,No,No,,,,Yes,Yes,Some of them,Some of them,No,No,No,Yes,,21-30
545,2014-08-27 18:13:00,28.0,Non-binary/Other,United Kingdom,,No,Yes,Yes,Rarely,100-500,No,Yes,No,,No,No,Yes,Somewhat difficult,Yes,Yes,Some of them,Some of them,Yes,No,No,Yes,I bring up my depression in interviews solely because I have a large gap on my CV due to mental health issues which could be mistaken for a gap taken to say have children which I feel would harm my chances much more. I have other MH issues I would never bring up with employers or peers.,21-30
546,2014-08-27 18:14:00,23.0,Female,United Kingdom,,No,No,No,,6-25,No,Yes,,,No,No,,Very easy,Maybe,No,No,Some of them,No,Yes,Yes,No,,21-30
547,2014-08-27 18:16:00,30.0,Male,United Kingdom,,No,No,No,Never,26-100,Yes,Yes,,,,,,Very easy,No,No,Yes,Yes,Maybe,Maybe,Yes,No,,21-30
548,2014-08-27 18:18:00,36.0,Male,United States,CA,No,Yes,Yes,Sometimes,1000+,No,Yes,Yes,No,No,Yes,,Somewhat difficult,Yes,No,Some of them,Yes,No,Yes,No,No,,31-40
549,2014-08-27 18:22:00,21.0,Male,United States,CA,No,Yes,No,,1000+,No,Yes,Yes,Yes,Yes,Yes,Yes,,No,No,Some of them,Yes,No,Maybe,Yes,No,,21-30
550,2014-08-27 18:29:00,30.0,Male,Germany,,No,No,No,Often,26-100,No,Yes,No,No,,No,,Somewhat easy,Maybe,No,Some of them,Some of them,Maybe,Yes,,No,,21-30
551,2014-08-27 18:39:00,25.0,Female,United States,CA,No,Yes,No,,500-1000,No,No,,,No,No,,,Maybe,No,Some of them,Some of them,No,Maybe,,No,I'm not aware of anyone with mental health issues at work it's definitely not something that's discussed publicly. There's also a lot of other personal info I don't know about my coworkers so it may just be that we tend not to talk about personal issues.,21-30
552,2014-08-27 18:41:00,32.0,Male,New Zealand,,No,No,Yes,Sometimes,6-25,No,Yes,No,No,No,No,,Very easy,No,No,Some of them,Yes,Maybe,Yes,,No,I suffer from mild depression and anxiety.,31-40
553,2014-08-27 18:43:00,29.0,Female,Canada,,No,No,Yes,Sometimes,1-5,No,Yes,No,No,No,No,,,Maybe,No,Some of them,Some of them,No,No,Yes,No,The family history question needs a don't know option.,21-30
554,2014-08-27 18:56:00,21.0,Non-binary/Other,United Kingdom,,No,No,Yes,Sometimes,26-100,No,Yes,No,Yes,Yes,No,Yes,Somewhat easy,Maybe,No,Some of them,Some of them,No,No,Yes,No,,21-30
555,2014-08-27 18:59:00,27.0,Female,New Zealand,,No,Yes,Yes,Rarely,100-500,Yes,Yes,No,No,No,No,,Somewhat easy,Maybe,Maybe,Some of them,Some of them,No,Yes,,No,,21-30
556,2014-08-27 19:05:00,32.0,Female,Canada,,No,No,Yes,Often,1000+,No,No,,,,,,,Maybe,No,Some of them,Some of them,No,No,,No,,31-40
557,2014-08-27 19:08:00,34.0,Male,Australia,,No,No,No,Sometimes,1000+,No,Yes,Yes,Yes,Yes,Yes,Yes,Very easy,No,No,Some of them,Yes,No,Maybe,Yes,No,,31-40
558,2014-08-27 19:13:00,33.0,Male,United States,NY,No,No,No,,26-100,No,Yes,,No,,,,,Yes,No,Some of them,No,No,Maybe,,No,I'm afraid I haven't seen mental health issues arise at work yet. They are very accommodating with maternity leave but I don't know how that translates to anything else.,31-40
559,2014-08-27 19:13:00,22.0,Male,Netherlands,,No,Yes,Yes,Sometimes,6-25,Yes,Yes,No,,No,,,Somewhat easy,No,No,Some of them,Yes,Maybe,Yes,Yes,No,,21-30
560,2014-08-27 19:16:00,24.0,Male,United States,CA,No,No,No,,1000+,No,Yes,,,,,,,Maybe,Maybe,Some of them,Some of them,No,No,Yes,No,,21-30
561,2014-08-27 19:17:00,65.0,Male,United States,FL,Yes,No,No,,6-25,Yes,No,No,No,No,No,,Very easy,Maybe,No,Some of them,No,No,No,Yes,No,,61+
562,2014-08-27 19:25:00,27.0,Male,United States,OR,No,Yes,Yes,Sometimes,100-500,Yes,Yes,,No,No,,,,No,No,Some of them,No,No,No,Yes,No,,21-30
563,2014-08-27 19:27:00,33.0,Male,Australia,,No,No,No,Never,1000+,No,Yes,,,,,Yes,Very easy,No,No,Some of them,Yes,Maybe,Yes,Yes,No,,31-40
564,2014-08-27 19:28:00,36.0,Male,United States,CO,No,No,Yes,Rarely,26-100,No,Yes,,,No,,,,No,No,Some of them,Some of them,No,No,,No,,31-40
565,2014-08-27 19:34:00,40.0,Male,Canada,,No,No,No,Never,26-100,No,Yes,No,No,No,No,,Somewhat difficult,No,No,Some of them,Some of them,No,No,No,No,,31-40
566,2014-08-27 19:34:00,28.0,Male,United States,GA,No,No,Yes,Sometimes,1000+,No,Yes,Yes,Yes,No,No,Yes,Somewhat difficult,Maybe,No,Some of them,No,No,Maybe,No,No,,21-30
567,2014-08-27 19:38:00,39.0,Male,United States,OR,No,No,Yes,Sometimes,500-1000,No,Yes,Yes,,Yes,,Yes,,Yes,Maybe,Yes,Yes,No,Maybe,,No,,31-40
568,2014-08-27 19:41:00,32.0,Male,United States,CA,No,No,Yes,Sometimes,1000+,No,Yes,Yes,No,No,Yes,,Somewhat easy,No,No,Yes,Some of them,Maybe,Yes,,No,,31-40
569,2014-08-27 19:45:00,31.0,Male,United States,CA,No,Yes,No,Sometimes,1000+,No,Yes,Yes,,,,,Somewhat easy,Maybe,No,No,Some of them,No,Yes,No,No,Mental health issue I have dealt with: acute depression,31-40
570,2014-08-27 19:59:00,38.0,Male,United States,PA,No,Yes,Yes,Sometimes,100-500,No,Yes,,No,No,No,,,Maybe,Maybe,Some of them,No,No,No,,No,,31-40
571,2014-08-27 20:13:00,23.0,Male,United States,CA,No,Yes,Yes,Rarely,1-5,No,Yes,No,Yes,No,No,,,Maybe,No,Some of them,Yes,No,No,Yes,No,,21-30
572,2014-08-27 20:17:00,42.0,Male,United States,CA,No,No,Yes,Often,1000+,No,Yes,Yes,Yes,Yes,Yes,Yes,Somewhat easy,Maybe,Maybe,Yes,Yes,Maybe,Maybe,,No,,41-50
573,2014-08-27 20:33:00,27.0,Female,United States,NY,No,No,No,Sometimes,500-1000,No,Yes,,,,Yes,,,No,No,Some of them,Yes,No,No,Yes,No,,21-30
574,2014-08-27 20:48:00,26.0,Female,United States,MA,No,Yes,Yes,Sometimes,26-100,No,Yes,Yes,Yes,No,No,Yes,Somewhat difficult,No,No,Yes,Yes,No,No,No,Yes,,21-30
575,2014-08-27 20:52:00,50.0,Male,United States,,No,No,No,Never,26-100,Yes,Yes,No,Yes,No,No,,,No,No,No,No,No,Maybe,No,No,,41-50
576,2014-08-27 20:52:00,37.0,Male,United States,PA,No,Yes,No,Never,26-100,No,Yes,,No,No,,,Somewhat easy,No,No,Yes,Yes,No,No,Yes,No,,31-40
577,2014-08-27 20:53:00,23.0,Male,United States,RI,No,No,No,,26-100,No,Yes,,No,,No,,,No,No,Yes,Yes,No,Maybe,,No,,21-30
578,2014-08-27 20:55:00,33.0,Male,United States,MI,No,Yes,No,Sometimes,6-25,Yes,Yes,,,No,No,Yes,Very easy,No,No,Some of them,Yes,No,No,Yes,No,,31-40
579,2014-08-27 21:05:00,29.0,Male,Canada,,Yes,No,No,Never,26-100,Yes,Yes,Yes,Yes,No,No,Yes,Very difficult,Yes,No,Some of them,No,No,Yes,No,No,,21-30
580,2014-08-27 21:15:00,34.0,Male,United States,IL,No,Yes,Yes,Sometimes,26-100,Yes,No,Yes,No,No,No,,,Maybe,No,Some of them,Some of them,No,Maybe,,No,Thanks for doing this. It will help end the stigma!,31-40
581,2014-08-27 21:17:00,41.0,Male,United States,CA,No,Yes,Yes,Often,1000+,No,Yes,Yes,No,No,No,,,Maybe,Maybe,Some of them,Some of them,No,No,,Yes,,41-50
582,2014-08-27 21:21:00,50.0,Male,United States,OR,No,Yes,No,,100-500,Yes,Yes,,No,No,,,,No,No,Some of them,Yes,Maybe,Maybe,,No,,41-50
583,2014-08-27 21:35:00,29.0,Male,Canada,,No,No,Yes,Never,1000+,No,No,Yes,,Yes,Yes,Yes,Somewhat difficult,Maybe,No,Some of them,No,No,Maybe,,Yes,For clarity I work at a casino.,21-30
584,2014-08-27 21:39:00,35.0,Male,United States,IN,No,No,No,Never,6-25,No,Yes,No,Yes,No,No,Yes,Very easy,No,No,Some of them,Yes,Maybe,Maybe,Yes,No,,31-40
585,2014-08-27 21:45:00,27.0,Male,Singapore,,No,No,No,Sometimes,1-5,Yes,Yes,No,No,No,No,Yes,,Yes,No,Some of them,Yes,No,No,No,No,Most employers / coworkers and even immediate family is not all the time supportive to discuss depression and other problems. ie. My wife thinks she should be able to make sure that I am not depressed  which is funny because sometimes depression state has nothing to do with her.,21-30
586,2014-08-27 21:54:00,40.0,Female,United States,MA,No,No,No,Never,26-100,No,No,,,No,No,,Somewhat easy,Maybe,Maybe,Yes,Yes,Maybe,Maybe,,No,,31-40
587,2014-08-27 21:54:00,27.0,Male,Australia,,No,No,Yes,Often,100-500,Yes,Yes,No,No,No,No,,,Maybe,No,Some of them,No,No,Maybe,No,Yes,,21-30
588,2014-08-27 21:55:00,29.0,Female,United States,MI,No,No,No,Never,26-100,No,Yes,Yes,Yes,Yes,No,Yes,,Maybe,No,Some of them,Some of them,No,Maybe,,Yes,,21-30
589,2014-08-27 22:00:00,31.0,Male,United States,OH,No,Yes,Yes,Sometimes,6-25,No,Yes,No,No,No,No,,Somewhat easy,Maybe,No,Yes,Yes,No,Maybe,,No,,31-40
590,2014-08-27 22:04:00,43.0,Male,United States,OH,No,No,Yes,Sometimes,6-25,No,Yes,No,Yes,No,No,,Somewhat easy,No,No,Yes,Yes,No,Maybe,,No,,41-50
591,2014-08-27 22:04:00,34.0,Male,United States,NH,No,Yes,Yes,Sometimes,26-100,Yes,Yes,Yes,Yes,No,No,,,Maybe,No,Some of them,Some of them,No,Yes,,Yes,,31-40
592,2014-08-27 22:06:00,29.0,Male,United States,OH,No,Yes,Yes,Sometimes,26-100,No,Yes,,No,No,No,No,Somewhat difficult,Yes,No,Some of them,Some of them,No,Maybe,,No,It has come to interfere with work as life progresses.Between burn out and enduring more of the work and balancing a family. Changes in my mental health have a larger pond to make ripples in.,21-30
593,2014-08-27 22:07:00,19.0,Male,Canada,,No,Yes,Yes,Sometimes,1-5,No,Yes,No,No,No,No,,,Maybe,Maybe,Some of them,No,No,Maybe,,No,,11-20
594,2014-08-27 22:11:00,41.0,Male,United States,TN,No,Yes,Yes,Sometimes,1000+,No,Yes,Yes,,Yes,Yes,,,Maybe,No,Some of them,Some of them,No,No,No,No,,41-50
595,2014-08-27 22:12:00,29.0,Male,United States,OR,No,Yes,No,Never,100-500,No,Yes,Yes,Yes,Yes,Yes,,,No,No,Some of them,Yes,No,Maybe,Yes,No,,21-30
596,2014-08-27 22:13:00,23.0,Male,United States,PA,No,No,No,Rarely,100-500,No,Yes,Yes,,,,,,No,No,Some of them,Some of them,No,No,Yes,No,,21-30
597,2014-08-27 22:14:00,24.0,Female,United States,,No,Yes,Yes,Sometimes,100-500,No,Yes,Yes,,No,No,,Somewhat difficult,Yes,Maybe,No,No,No,No,No,Yes,,21-30
598,2014-08-27 22:14:00,31.0,Male,United States,NY,No,No,No,,26-100,Yes,Yes,,No,No,,,,Yes,No,No,No,No,Maybe,,No,,31-40
599,2014-08-27 22:21:00,43.0,Male,United States,WA,No,No,No,,500-1000,Yes,Yes,,,,,,,No,No,Yes,Yes,No,No,Yes,No,,41-50
600,2014-08-27 22:26:00,31.0,Male,United States,NY,No,Yes,Yes,Rarely,100-500,No,Yes,No,No,No,,,Somewhat difficult,Yes,Yes,Some of them,No,No,No,No,Yes,,31-40
601,2014-08-27 22:32:00,29.0,Male,United States,CA,No,Yes,No,Often,100-500,No,Yes,Yes,Yes,Yes,Yes,,,No,No,Some of them,Yes,No,No,,No,,21-30
602,2014-08-27 22:35:00,35.0,Male,United States,TN,Yes,Yes,No,,6-25,Yes,Yes,No,No,Yes,Yes,,Very easy,No,No,Yes,Yes,No,Maybe,Yes,No,The supposed divide between mental and physical health needs to done away with and probably will be as our knowledge of the brain increases. That said we are often employed for our ability to provide value. If any issue prevents is from providing value that creates a very real challenge for the employer who is responsible to shareholders and other team members who are providing value. There are no easy answers here.,31-40
603,2014-08-27 22:36:00,33.0,Male,United States,WI,No,Yes,Yes,Sometimes,100-500,No,No,Yes,,No,No,Yes,Somewhat difficult,Yes,Yes,No,No,No,No,No,No,,31-40
604,2014-08-27 22:55:00,30.0,Cis-Female/Femme,United States,WI,Yes,Yes,Yes,Often,1-5,Yes,No,No,Yes,No,Yes,Yes,Somewhat difficult,No,No,Yes,Yes,No,No,Yes,No,Because I'm self-employed and the only person in my organization I would have liked a not applicable option. I don't want my answers to be misleading.,21-30
605,2014-08-27 22:59:00,27.0,Male,United States,PA,No,No,No,,1000+,No,Yes,Yes,,,,Yes,,Maybe,Maybe,No,No,No,Maybe,No,No,,21-30
606,2014-08-27 23:09:00,32.0,Male,United States,MI,No,No,No,Sometimes,100-500,No,Yes,No,Yes,No,No,,,Maybe,Maybe,Some of them,Some of them,No,No,No,No,,31-40
607,2014-08-27 23:10:00,50.0,Male,United States,WY,No,No,No,Sometimes,1-5,Yes,Yes,,No,No,,,,Yes,Maybe,Some of them,Some of them,No,Maybe,,No,I work for a very small firm that doesn't really have a dedicated H/R person. Also for the question:If you have a mental health condition do you feel that it interferes with your work?...I don't have a diagnosed mental health condition but I suspect I might have some slight depression issues. Definitely have Imposter Syndrome.,41-50
608,2014-08-27 23:10:00,24.0,Male,United States,KY,No,No,No,Never,26-100,No,No,,,No,No,,,Maybe,Yes,Some of them,No,No,Maybe,No,No,,21-30
609,2014-08-27 23:14:00,27.0,Male,United States,NY,No,No,No,,26-100,No,Yes,,No,No,No,,,No,No,Yes,Yes,No,Maybe,Yes,No,,21-30
610,2014-08-27 23:30:00,27.0,Male,Australia,,No,No,No,Never,1-5,Yes,Yes,No,No,No,No,,,Yes,No,No,No,No,Maybe,,No,,21-30
611,2014-08-27 23:54:00,32.0,Male,United States,TX,No,No,Yes,Sometimes,6-25,No,Yes,No,Yes,No,No,Yes,Somewhat easy,No,No,Some of them,Yes,Maybe,Maybe,Yes,No,I went through a divorce and was pretty depressed I went to therapy and my boss (one of the owners) was extremely supportive. I'm not sure I would have got through that rough time with out my co-workers and boss.,31-40
612,2014-08-27 23:56:00,42.0,Male,United States,WI,Yes,No,No,Rarely,6-25,Yes,No,No,Yes,No,No,,Very easy,No,No,Some of them,Yes,Maybe,Maybe,Yes,No,,41-50
613,2014-08-27 23:57:00,37.0,Male,United States,WA,No,No,No,Often,1000+,No,No,,No,No,No,,,Maybe,No,Some of them,No,No,No,No,No,,31-40
614,2014-08-27 23:59:00,30.0,Male,Singapore,,No,No,No,Sometimes,26-100,No,Yes,,,No,No,,Somewhat easy,Maybe,No,Some of them,No,No,Yes,No,Yes,,21-30
615,2014-08-28 00:02:00,29.0,Male,United States,WA,No,No,No,Rarely,1000+,No,Yes,Yes,No,No,No,,Very easy,Yes,Maybe,Some of them,No,No,No,,No,,21-30
616,2014-08-28 00:05:00,30.0,Male,United States,GA,Yes,No,Yes,Often,6-25,Yes,Yes,No,,No,Yes,,Somewhat difficult,No,No,Yes,Yes,No,Maybe,Yes,No,,21-30
617,2014-08-28 00:17:00,35.0,Male,United States,MI,No,No,No,Never,26-100,No,Yes,Yes,No,Yes,,,,No,No,Some of them,Some of them,Maybe,Maybe,Yes,No,,31-40
618,2014-08-28 00:43:00,35.0,Male,United States,MD,No,Yes,Yes,Rarely,100-500,Yes,No,Yes,Yes,No,No,Yes,Very difficult,Yes,No,Some of them,No,No,Maybe,No,No,I'm diagnosed with Bipolar Disorder. My benefits for mental health exist but are terrible. The deductible is $800. I see a therapist once or twice a month at the cost of $150. The insurance company only values it at $40. My psychiatrist is $180 for 15 minutes. The insurance company values it at $80. It is IMPOSSIBLE to hit my deductible. I don't even bother making the claims.,31-40
619,2014-08-28 00:47:00,38.0,Male,Netherlands,,No,Yes,No,Often,26-100,Yes,Yes,No,,No,,,,Maybe,Maybe,Some of them,Some of them,Maybe,Maybe,,No,,31-40
620,2014-08-28 01:04:00,22.0,Male,United Kingdom,,No,Yes,Yes,Sometimes,100-500,No,Yes,Yes,Yes,No,No,Yes,Very easy,No,No,Some of them,Yes,Maybe,Yes,Yes,No,,21-30
621,2014-08-28 01:14:00,24.0,Male,Germany,,No,Yes,No,Sometimes,100-500,No,Yes,,No,No,No,,Somewhat easy,No,No,Some of them,Some of them,No,Maybe,,No,We don't fucking talk about it ever.,21-30
622,2014-08-28 01:19:00,22.0,Male,Netherlands,,Yes,No,No,Never,1-5,No,Yes,,,No,No,,,No,Maybe,Some of them,Yes,Maybe,Yes,No,Yes,,21-30
623,2014-08-28 01:30:00,31.0,Female,United States,WA,No,No,Yes,Often,26-100,Yes,Yes,Yes,Yes,No,No,,Very easy,Maybe,No,Some of them,Some of them,No,Yes,,No,,31-40
624,2014-08-28 01:38:00,23.0,Female,United States,CA,No,Yes,Yes,Sometimes,1000+,No,Yes,Yes,Yes,Yes,Yes,Yes,Somewhat easy,Yes,Maybe,No,No,No,No,,No,,21-30
625,2014-08-28 01:41:00,31.0,Female,United States,OR,No,Yes,Yes,Sometimes,100-500,No,Yes,,No,No,No,,,No,No,Some of them,Some of them,No,No,,No,,31-40
626,2014-08-28 01:56:00,28.0,Female,United States,CA,No,Yes,Yes,Rarely,500-1000,No,Yes,Yes,Yes,Yes,Yes,,Somewhat difficult,Maybe,No,No,Some of them,No,No,No,No,,21-30
627,2014-08-28 02:15:00,37.0,Guy (-Ish) ^_^,Canada,,No,Yes,Yes,Sometimes,100-500,No,No,Yes,Yes,No,No,,Somewhat difficult,Yes,Maybe,Some of them,Some of them,No,Maybe,No,No,,31-40
628,2014-08-28 02:17:00,34.0,Male,United States,CA,Yes,Yes,Yes,Sometimes,6-25,No,Yes,No,Yes,No,No,Yes,Somewhat easy,No,No,Some of them,Some of them,No,No,No,No,thanks for what you're doing. FYI these questions dont quite work for entrepreneurs where employer == cofounders / sr mgmt / me,31-40
629,2014-08-28 02:19:00,32.0,Non-binary/Other,Canada,,No,No,No,Sometimes,26-100,Yes,Yes,No,Yes,No,No,Yes,Very difficult,Yes,Maybe,Some of them,No,No,Maybe,No,Yes,,31-40
630,2014-08-28 02:30:00,28.0,Male,United States,MI,No,Yes,Yes,Sometimes,26-100,Yes,Yes,Yes,,No,,,,Yes,No,Some of them,Some of them,No,No,,Yes,,21-30
631,2014-08-28 02:32:00,24.0,Female,United Kingdom,,No,No,Yes,Sometimes,100-500,No,Yes,No,No,No,No,,,Maybe,No,No,Some of them,No,Maybe,,No,,21-30
632,2014-08-28 02:41:00,56.0,Male,United States,MA,No,Yes,Yes,Rarely,6-25,No,Yes,Yes,Yes,No,No,,,Yes,Maybe,Some of them,Some of them,No,No,,No,,51-60
633,2014-08-28 02:46:00,31.0,Male,Germany,,No,No,No,Sometimes,6-25,Yes,Yes,No,No,No,No,No,Very easy,No,No,Yes,Yes,Maybe,Maybe,Yes,No,,31-40
634,2014-08-28 02:49:00,34.0,Female,United States,CA,No,No,Yes,Sometimes,100-500,Yes,Yes,Yes,Yes,No,,,Somewhat easy,Maybe,No,Some of them,Yes,No,No,Yes,No,,31-40
635,2014-08-28 02:52:00,35.0,Male,Germany,,No,No,Yes,Rarely,100-500,No,No,,No,Yes,,,Very easy,No,No,Some of them,Yes,No,No,Yes,No,,31-40
636,2014-08-28 02:54:00,28.0,Male,Germany,,No,No,No,Never,26-100,No,Yes,No,No,No,No,,Somewhat easy,No,No,Some of them,Some of them,Yes,Yes,,No,,21-30
637,2014-08-28 03:05:00,36.0,Male,Poland,,Yes,Yes,Yes,Often,6-25,No,Yes,No,No,No,No,,Somewhat easy,No,No,Some of them,Yes,Maybe,Maybe,Yes,Yes,,31-40
638,2014-08-28 03:06:00,30.0,Male,United Kingdom,,No,No,Yes,Often,26-100,No,Yes,No,No,No,No,Yes,Somewhat easy,No,No,Some of them,Yes,No,Maybe,Yes,No,,21-30
639,2014-08-28 03:13:00,35.0,Male,United States,,Yes,No,No,,1-5,Yes,Yes,Yes,,No,No,Yes,Very easy,No,No,Some of them,Yes,No,No,Yes,No,,31-40
640,2014-08-28 03:13:00,49.0,Male,Japan,,Yes,Yes,Yes,Sometimes,1-5,Yes,Yes,No,Yes,Yes,No,,Somewhat difficult,Yes,Yes,No,No,No,No,No,Yes,,41-50
641,2014-08-28 03:15:00,36.0,Male,Germany,,No,No,No,,26-100,No,Yes,Yes,Yes,No,No,Yes,Very easy,No,No,Some of them,Yes,Maybe,Maybe,Yes,No,,31-40
642,2014-08-28 03:16:00,35.0,Male,Germany,,No,No,No,,26-100,No,Yes,No,No,No,No,,Very easy,Maybe,No,Some of them,Some of them,No,No,,No,,31-40
643,2014-08-28 03:29:00,29.0,Female,Australia,,No,Yes,Yes,Sometimes,1000+,No,No,Yes,Yes,Yes,Yes,No,Somewhat difficult,Yes,No,Some of them,Some of them,No,No,No,Yes,,21-30
644,2014-08-28 03:36:00,57.0,Male,United States,CA,No,No,No,Never,26-100,No,Yes,Yes,Yes,No,Yes,Yes,Somewhat difficult,Yes,Maybe,No,No,No,Maybe,,Yes,,51-60
645,2014-08-28 03:42:00,31.0,Female,Belgium,,No,Yes,Yes,Rarely,100-500,No,No,Yes,No,No,No,No,,Maybe,No,Some of them,No,No,No,,Yes,,31-40
646,2014-08-28 03:47:00,37.0,Male,Ireland,,Yes,No,No,Never,6-25,No,Yes,No,No,No,No,,,Yes,Maybe,No,No,No,Maybe,,No,,31-40
647,2014-08-28 03:49:00,25.0,Male,Ireland,,No,Yes,Yes,Sometimes,26-100,No,Yes,No,No,No,No,,,Maybe,No,Some of them,Some of them,No,Maybe,No,No,,21-30
648,2014-08-28 03:52:00,30.0,Male,Australia,,No,No,No,Sometimes,26-100,No,Yes,No,No,No,No,,Very easy,No,No,Some of them,Some of them,No,No,,No,,21-30
649,2014-08-28 04:00:00,26.0,Female,Australia,,No,Yes,No,Sometimes,100-500,No,No,No,Yes,Yes,Yes,,Somewhat easy,No,No,Yes,Yes,No,No,,No,Majority of qs on survey not relevant if you are self employed,21-30
650,2014-08-28 04:02:00,22.0,Female,Netherlands,,No,No,No,Often,6-25,No,Yes,No,No,No,No,,,No,No,No,Some of them,No,Yes,,No,,21-30
651,2014-08-28 04:07:00,39.0,Male,United States,FL,No,No,No,Rarely,1000+,Yes,No,,No,Yes,Yes,,,No,No,Some of them,Some of them,No,Maybe,,No,I mostly suffer from social anxiety which keeps me from attending conferences. In my small dev group a big problem is a supervisor who's a workaholic and will never say no when asked to do something so he's doing the job of at least two ppl (poorly) and working crazy hours setting the tone for the test of us that work/life balance isn't important.,31-40
652,2014-08-28 04:09:00,29.0,Male,United Kingdom,,No,Yes,Yes,Never,100-500,No,Yes,,,,,,,Maybe,Maybe,No,No,No,No,No,No,,21-30
653,2014-08-28 04:11:00,54.0,Male,United Kingdom,,Yes,Yes,Yes,Sometimes,1-5,Yes,Yes,,,No,No,,Very easy,No,No,Some of them,Yes,Yes,Yes,,Yes,,51-60
654,2014-08-28 04:16:00,34.0,Female,Australia,,No,Yes,No,Never,500-1000,No,No,,No,Yes,Yes,,,Yes,Maybe,No,No,No,No,,Yes,I don't have any mental health issues but for a number of years I had to care for a family member who did and I felt that I was not able to discuss or get support from friends or colleagues in the same way that I might have if they had suffered from a physical condition.,31-40
655,2014-08-28 04:23:00,32.0,Male,United States,WA,No,No,Yes,Never,500-1000,No,No,Yes,,Yes,Yes,,Very easy,Maybe,No,No,No,No,No,Yes,No,,31-40
656,2014-08-28 04:24:00,25.0,Male,Nigeria,,No,No,No,,6-25,No,Yes,No,No,No,No,,,Maybe,No,Yes,Yes,No,Yes,,No,,21-30
657,2014-08-28 04:30:00,29.0,Male,Poland,,No,No,No,Rarely,1-5,No,Yes,No,No,No,No,No,Somewhat difficult,No,Maybe,Some of them,No,No,No,Yes,No,,21-30
658,2014-08-28 04:34:00,32.0,Male,Germany,,Yes,No,No,Never,1-5,Yes,Yes,No,No,No,No,,,No,No,Some of them,Yes,No,Maybe,,No,,31-40
659,2014-08-28 04:37:00,30.0,Male,United Kingdom,,No,Yes,Yes,Sometimes,1000+,No,Yes,Yes,Yes,No,,Yes,,Maybe,No,Some of them,Yes,No,Yes,Yes,No,,21-30
660,2014-08-28 04:53:00,31.0,Male,Germany,,No,No,No,,6-25,No,Yes,,No,No,,,Somewhat easy,No,No,Some of them,Yes,Maybe,Maybe,,No,,31-40
661,2014-08-28 05:05:00,20.0,Female,Switzerland,,No,No,No,Rarely,1000+,No,Yes,Yes,Yes,Yes,Yes,Yes,Somewhat easy,No,No,Some of them,Some of them,No,Maybe,Yes,No,,11-20
662,2014-08-28 05:12:00,27.0,Male,United Kingdom,,No,No,No,Never,1-5,No,Yes,,No,No,,,,No,No,Some of them,Yes,Maybe,Maybe,,No,,21-30
663,2014-08-28 05:14:00,32.0,Male,United States,CA,No,No,No,Never,1000+,No,Yes,,,,,,,Maybe,Maybe,Some of them,Some of them,No,No,,No,,31-40
664,2014-08-28 06:02:00,26.0,Male,Ireland,,Yes,No,No,Never,1-5,Yes,Yes,No,No,No,No,,Somewhat difficult,Maybe,No,Some of them,Yes,Maybe,Maybe,Yes,No,,21-30
665,2014-08-28 06:05:00,30.0,Male,Italy,,No,No,No,Sometimes,1000+,No,No,,No,No,No,Yes,Very easy,No,No,Some of them,Some of them,No,No,,No,,21-30
666,2014-08-28 06:10:00,30.0,Male,Ireland,,No,No,Yes,Sometimes,26-100,Yes,Yes,No,No,,No,,Very difficult,Maybe,Maybe,Some of them,No,No,No,No,No,,21-30
667,2014-08-28 06:11:00,22.0,Male,India,,Yes,No,No,,1-5,Yes,Yes,,No,,,,Very easy,Maybe,Maybe,Some of them,Some of them,Maybe,Maybe,Yes,Yes,,21-30
668,2014-08-28 06:27:00,24.0,Male,Ireland,,No,No,No,,1000+,No,Yes,,,,,,,No,No,No,No,No,No,,No,,21-30
669,2014-08-28 06:30:00,26.0,Male,Netherlands,,No,No,No,Never,26-100,No,Yes,No,No,No,No,,,Maybe,Maybe,No,No,No,No,,No,,21-30
670,2014-08-28 07:01:00,43.0,Male,France,,No,No,No,,100-500,No,Yes,,No,No,No,,,No,No,Some of them,Yes,Maybe,Maybe,,No,,41-50
671,2014-08-28 07:03:00,26.0,Male,Russia,,No,No,No,Never,26-100,No,Yes,No,,No,,,Somewhat difficult,No,No,Some of them,No,No,Maybe,,No,,21-30
672,2014-08-28 07:03:00,23.0,Male,United States,NC,No,Yes,No,Sometimes,6-25,No,Yes,,,No,,,,Maybe,No,No,No,No,Maybe,,No,,21-30
673,2014-08-28 07:12:00,26.0,Man,Canada,,No,No,No,,100-500,Yes,Yes,Yes,,,Yes,,Somewhat easy,No,No,Some of them,Some of them,No,No,Yes,No,,21-30
674,2014-08-28 08:00:00,26.0,Female,Israel,,No,Yes,No,Never,100-500,No,Yes,,No,,,,,Maybe,No,Some of them,No,No,No,Yes,No,,21-30
675,2014-08-28 08:06:00,35.0,Male,Canada,,No,Yes,No,Sometimes,26-100,No,Yes,,No,No,No,,,Maybe,Maybe,Some of them,Some of them,No,No,No,No,,31-40
676,2014-08-28 08:18:00,28.0,Male,United States,IL,No,No,Yes,Sometimes,26-100,Yes,No,,,No,,,,No,No,Some of them,Yes,No,Maybe,,No,,21-30
677,2014-08-28 08:23:00,22.0,Male,India,,No,No,No,,26-100,No,Yes,No,No,No,No,,,Maybe,Maybe,Some of them,Yes,Maybe,Maybe,,No,,21-30
678,2014-08-28 08:39:00,29.0,Female,United States,OH,No,Yes,Yes,Rarely,6-25,No,Yes,,No,No,No,,,Yes,No,No,No,No,No,,No,,21-30
679,2014-08-28 08:40:00,29.0,Male,Germany,,Yes,No,No,,1-5,No,Yes,No,Yes,No,No,Yes,Very easy,No,No,Yes,Yes,Yes,Yes,Yes,No,,21-30
680,2014-08-28 08:43:00,45.0,Male,United States,VA,No,No,Yes,Often,1-5,Yes,Yes,Yes,,No,Yes,,Very easy,No,No,Yes,Yes,No,Maybe,Yes,No,,41-50
681,2014-08-28 08:43:00,33.0,Male,Bulgaria,,No,No,Yes,Rarely,26-100,Yes,Yes,No,No,No,No,,Somewhat easy,Maybe,No,Some of them,Some of them,No,Maybe,,Yes,,31-40
682,2014-08-28 08:43:00,38.0,Male,United States,MN,No,No,Yes,Sometimes,1000+,No,No,Yes,Yes,Yes,Yes,,,No,No,Some of them,Yes,No,No,,No,,31-40
683,2014-08-28 09:02:00,19.0,Non-binary/Other,United States,MO,No,Yes,Yes,Often,26-100,No,No,,,No,No,,Somewhat difficult,Maybe,Maybe,No,No,No,Maybe,No,No,,11-20
684,2014-08-28 09:09:00,29.0,Female,Canada,,No,No,Yes,Rarely,1000+,Yes,No,Yes,Yes,Yes,,Yes,Somewhat easy,No,No,No,Yes,No,Maybe,,No,,21-30
685,2014-08-28 09:16:00,21.0,Female,United Kingdom,,No,No,No,,6-25,No,Yes,No,No,No,No,,,Yes,Maybe,Some of them,No,No,No,,No,,21-30
686,2014-08-28 09:18:00,23.0,Female,India,,No,Yes,Yes,Sometimes,1000+,No,Yes,,,No,,,,Yes,Maybe,No,No,No,No,,No,,21-30
687,2014-08-28 09:40:00,33.0,Female,United States,NC,No,Yes,Yes,Rarely,1000+,No,Yes,Yes,Yes,Yes,Yes,Yes,Somewhat easy,No,No,Some of them,Yes,No,No,Yes,No,,31-40
688,2014-08-28 09:53:00,49.0,Male,United States,NY,No,Yes,Yes,Sometimes,100-500,No,Yes,Yes,,Yes,Yes,Yes,Somewhat easy,Maybe,Maybe,Some of them,Yes,No,No,Yes,No,,41-50
689,2014-08-28 09:53:00,28.0,Male,United States,NM,No,No,No,,26-100,Yes,Yes,,No,No,No,,,Maybe,No,Some of them,No,No,No,,No,,21-30
690,2014-08-28 09:54:00,27.0,Female,United Kingdom,,No,No,Yes,Sometimes,6-25,Yes,Yes,,,Yes,,Yes,Very easy,No,No,Yes,Yes,Maybe,Maybe,Yes,No,,21-30
691,2014-08-28 09:54:00,23.0,Male,Canada,,No,No,Yes,Sometimes,6-25,No,Yes,Yes,No,No,No,,Somewhat easy,Maybe,Maybe,Some of them,Some of them,No,No,,No,,21-30
692,2014-08-28 09:54:00,29.0,Male,Netherlands,,No,No,No,Never,1-5,Yes,Yes,No,No,No,No,Yes,Somewhat easy,No,No,Yes,Yes,No,Maybe,Yes,No,,21-30
693,2014-08-28 09:54:00,30.0,Male,Germany,,No,No,No,,26-100,No,Yes,,No,No,,Yes,Somewhat easy,No,No,Some of them,No,Maybe,Maybe,,No,,21-30
694,2014-08-28 09:55:00,28.0,Female,Canada,,No,No,No,,1000+,No,Yes,Yes,,,,,Somewhat easy,No,No,Some of them,Yes,No,No,,No,I am a contractor so my lack of knowledge of workplace wellness stems directly from my lack of access to that material since I am not covered by it. I am aware that mental health services are available and am aware of a colleague who has taken a leave of absence to deal with mental health issues but am otherwise uninformed.,21-30
695,2014-08-28 09:56:00,32.0,Male,United Kingdom,,No,No,No,,6-25,No,Yes,No,No,No,No,,,Yes,No,No,No,No,Yes,No,No,,31-40
696,2014-08-28 09:56:00,32.0,Male,United Kingdom,,No,No,Yes,Sometimes,26-100,No,No,Yes,Yes,No,No,Yes,Very easy,No,No,No,Yes,No,No,Yes,No,,31-40
697,2014-08-28 09:56:00,37.0,Male,France,,No,No,No,,100-500,No,Yes,No,No,No,No,,Somewhat easy,Maybe,Maybe,Some of them,Some of them,No,Maybe,No,No,,31-40
698,2014-08-28 09:56:00,39.0,Female,United States,TX,No,No,No,,1000+,Yes,No,No,Yes,No,No,,Very difficult,Yes,Maybe,No,No,No,Maybe,No,No,,31-40
699,2014-08-28 09:56:00,31.0,Male,France,,No,No,No,,500-1000,No,Yes,,No,No,,,,Maybe,Maybe,Some of them,No,No,No,Yes,No,,31-40
700,2014-08-28 09:57:00,29.0,Male,United States,SC,No,No,No,,6-25,No,Yes,No,No,No,,,Somewhat difficult,Maybe,Maybe,Some of them,No,No,No,,No,,21-30
701,2014-08-28 09:57:00,30.0,Male,United States,FL,No,No,No,,100-500,No,No,Yes,No,No,,,,Maybe,No,Some of them,Yes,No,No,,No,,21-30
702,2014-08-28 09:57:00,33.0,Male,United States,WA,Yes,Yes,Yes,Rarely,1-5,Yes,Yes,No,Yes,Yes,Yes,No,Very difficult,No,No,Yes,Yes,No,No,Yes,Yes,,31-40
703,2014-08-28 09:58:00,37.0,Male,United States,CA,No,Yes,Yes,Sometimes,100-500,No,Yes,Yes,Yes,,,Yes,,Maybe,No,Yes,Yes,No,No,,No,,31-40
704,2014-08-28 09:59:00,23.0,Male,United States,OH,No,No,Yes,Often,26-100,No,No,Yes,Yes,Yes,No,Yes,Somewhat easy,No,No,Some of them,Yes,No,Maybe,Yes,No,,21-30
705,2014-08-28 09:59:00,43.0,Male,United States,TN,No,Yes,Yes,Sometimes,26-100,No,No,Yes,,No,Yes,,Somewhat easy,Yes,No,No,No,No,No,No,No,,41-50
706,2014-08-28 10:00:00,32.0,Male,United Kingdom,,No,No,Yes,Rarely,100-500,No,Yes,,No,No,No,,,Maybe,No,Yes,Yes,No,Maybe,No,Yes,,31-40
707,2014-08-28 10:01:00,26.0,Male,United States,NY,No,No,No,Never,26-100,No,Yes,,,No,No,,,Yes,Yes,Some of them,No,No,No,No,No,,21-30
708,2014-08-28 10:01:00,32.0,Male,United States,NY,Yes,No,Yes,Sometimes,1-5,Yes,Yes,,,,,,Very easy,No,No,Yes,Yes,Yes,Yes,,No,,31-40
709,2014-08-28 10:02:00,37.0,Female,United States,MO,No,No,No,,26-100,Yes,Yes,,,No,,,,Yes,No,Some of them,No,No,No,,No,,31-40
710,2014-08-28 10:02:00,29.0,Male,United States,NY,No,No,Yes,Often,26-100,No,Yes,Yes,Yes,No,No,Yes,Very easy,No,No,Yes,Yes,Maybe,Maybe,Yes,No,,21-30
711,2014-08-28 10:02:00,34.0,Male,United Kingdom,,No,No,No,,6-25,No,Yes,No,No,No,No,,Somewhat easy,Maybe,Maybe,Some of them,Yes,No,Maybe,,No,,31-40
712,2014-08-28 10:04:00,27.0,Male,France,,No,No,No,,6-25,No,Yes,,,,,,,No,No,Yes,Yes,No,No,Yes,No,,21-30
713,2014-08-28 10:04:00,30.0,Male,United States,TN,No,Yes,No,Never,100-500,No,Yes,,No,No,,,Very easy,No,No,Some of them,Yes,No,Maybe,,No,,21-30
714,2014-08-28 10:05:00,29.0,Male,United States,CO,No,No,No,Never,6-25,No,Yes,Yes,Yes,No,Yes,Yes,,Maybe,No,Some of them,Some of them,No,No,No,No,,21-30
715,2014-08-28 10:07:00,32.0,Male,United States,PA,Yes,Yes,Yes,Sometimes,1-5,Yes,Yes,Yes,Yes,,,,Very difficult,Yes,Maybe,Some of them,No,No,No,No,No,,31-40
716,2014-08-28 10:07:00,,Male,United Kingdom,,No,No,Yes,Sometimes,26-100,No,No,No,No,No,No,,Somewhat difficult,Yes,No,No,No,No,Maybe,,No,,
717,2014-08-28 10:08:00,25.0,Male,Germany,,No,No,No,,500-1000,No,Yes,Yes,Yes,,Yes,Yes,Somewhat easy,Maybe,Maybe,Some of them,Yes,Yes,Yes,Yes,No,,21-30
718,2014-08-28 10:08:00,37.0,Male,United States,NY,Yes,No,No,,6-25,Yes,Yes,Yes,Yes,Yes,No,Yes,Somewhat easy,No,No,Yes,Yes,Maybe,Maybe,Yes,No,,31-40
719,2014-08-28 10:10:00,29.0,Male,Netherlands,,No,Yes,No,,6-25,No,Yes,No,No,No,No,,Very easy,No,No,Some of them,Yes,No,Maybe,Yes,No,,21-30
720,2014-08-28 10:11:00,27.0,Man,United States,MN,No,No,No,,26-100,No,Yes,Yes,,No,,,,No,No,Yes,Yes,No,No,,No,,21-30
721,2014-08-28 10:13:00,33.0,Male,United Kingdom,,No,No,No,,6-25,No,Yes,,No,No,No,,,Maybe,No,Some of them,Some of them,No,Maybe,,No,,31-40
722,2014-08-28 10:15:00,30.0,Male,Canada,,No,Yes,Yes,Sometimes,1000+,No,No,,No,No,No,No,Very difficult,Yes,No,Some of them,No,No,Yes,No,Yes,,21-30
723,2014-08-28 10:16:00,29.0,Male,Canada,,No,No,No,,1-5,Yes,Yes,No,Yes,No,No,,Somewhat difficult,Maybe,Maybe,Yes,Yes,No,Maybe,,No,,21-30
724,2014-08-28 10:17:00,25.0,Male,United States,MO,No,Yes,Yes,Never,6-25,Yes,Yes,,No,Yes,,,,Yes,No,Some of them,Yes,No,No,No,No,,21-30
725,2014-08-28 10:18:00,33.0,Male,United States,WY,No,Yes,Yes,Sometimes,1-5,No,No,No,Yes,No,No,,,No,No,Some of them,Yes,Maybe,Maybe,,No,,31-40
726,2014-08-28 10:18:00,31.0,Male,South Africa,,No,No,No,Never,100-500,Yes,Yes,No,No,No,No,No,,No,No,Some of them,Some of them,No,Maybe,No,No,Fully remote developer,31-40
727,2014-08-28 10:20:00,21.0,Male,Germany,,No,No,No,Rarely,6-25,Yes,Yes,,No,No,No,,Very easy,Maybe,Maybe,Some of them,Some of them,No,Maybe,No,No,,21-30
728,2014-08-28 10:22:00,30.0,Male,Switzerland,,No,Yes,Yes,Sometimes,26-100,No,Yes,,No,No,No,No,Very difficult,Yes,Yes,No,No,No,No,No,No,,21-30
729,2014-08-28 10:24:00,29.0,Male,United States,MN,No,No,No,,1000+,No,No,,,,,,,No,No,Yes,Yes,No,No,No,No,,21-30
730,2014-08-28 10:25:00,43.0,Male,Croatia,,Yes,No,Yes,Sometimes,1-5,Yes,Yes,No,No,No,No,Yes,Very difficult,Yes,No,Yes,No,No,Maybe,No,Yes,,41-50
731,2014-08-28 10:29:00,37.0,Male,United Kingdom,,No,No,Yes,Often,6-25,No,Yes,No,No,No,No,,,Yes,No,Yes,Yes,Maybe,Yes,No,No,,31-40
732,2014-08-28 10:30:00,24.0,Male,France,,No,No,No,,26-100,No,Yes,No,No,Yes,No,,,Maybe,No,Yes,Some of them,No,No,,No,,21-30
733,2014-08-28 10:30:00,29.0,Male,United States,MD,No,No,No,,6-25,Yes,Yes,,,No,No,,Very easy,No,No,Yes,Yes,No,No,,No,,21-30
734,2014-08-28 10:34:00,31.0,Male,United States,KY,No,No,No,,26-100,No,No,Yes,Yes,Yes,Yes,Yes,,No,No,Yes,Yes,No,No,,No,,31-40
735,2014-08-28 10:35:00,,Male,United States,OH,No,No,No,,100-500,No,Yes,,,No,No,,Somewhat easy,No,No,Yes,Yes,No,No,Yes,No,We had a developer suffer from depression and pretty hard burnout but he refused treatment even when the company said we'd foot the bill. Eventually he had to be asked to resign which was a shame. I don't know if we have any specific programs for mental health but we're definitely on the lookout for those types of issues.,
736,2014-08-28 10:42:00,33.0,Male,United Kingdom,,Yes,No,No,Never,100-500,No,No,No,,No,No,,Very easy,No,No,Yes,Some of them,No,Yes,No,No,,31-40
737,2014-08-28 10:45:00,43.0,Male,United States,NY,No,No,No,,1000+,No,No,Yes,Yes,,Yes,Yes,,No,No,Some of them,Yes,No,Maybe,,No,,41-50
738,2014-08-28 10:47:00,33.0,Male,United Kingdom,,No,No,Yes,Sometimes,26-100,No,Yes,,,No,No,,,Maybe,No,Some of them,No,No,Maybe,,No,,31-40
739,2014-08-28 10:51:00,27.0,Male,United Kingdom,,No,No,No,,6-25,No,Yes,No,No,No,Yes,Yes,,Maybe,No,Yes,Some of them,No,Yes,Yes,No,,21-30
740,2014-08-28 10:52:00,36.0,Male,United States,TN,No,Yes,Yes,Sometimes,1000+,Yes,No,,No,,,,,Yes,Maybe,No,No,No,Maybe,,No,,31-40
741,2014-08-28 10:54:00,37.0,Male,Australia,,No,Yes,Yes,Sometimes,26-100,No,Yes,No,Yes,No,No,Yes,Very easy,No,No,Some of them,Yes,No,Maybe,Yes,Yes,,31-40
742,2014-08-28 10:57:00,32.0,Male,Belgium,,No,No,No,,6-25,No,Yes,No,Yes,No,No,,Very difficult,Yes,Maybe,No,No,No,No,No,No,,31-40
743,2014-08-28 11:02:00,39.0,Male,United Kingdom,,No,No,Yes,Sometimes,100-500,No,Yes,No,No,No,No,,Very easy,No,No,No,Some of them,No,Yes,Yes,No,,31-40
744,2014-08-28 11:04:00,31.0,Male,United States,TX,No,Yes,Yes,Sometimes,26-100,No,Yes,Yes,Yes,No,,,Somewhat easy,Maybe,No,Some of them,Yes,Maybe,Yes,,No,,31-40
745,2014-08-28 11:04:00,36.0,Male,United States,OH,No,No,Yes,Sometimes,100-500,Yes,Yes,Yes,Yes,No,No,,Very difficult,Maybe,Maybe,Some of them,Some of them,Maybe,Maybe,,No,I am a 15 year vet of the industry and I get 2 weeks of combined sick and vacation time a year and I have children to fit into that too. I've had heart problems from the stress. Fuck everything about startup culture.,31-40
746,2014-08-28 11:07:00,30.0,Male,United States,TX,Yes,No,Yes,Sometimes,26-100,Yes,Yes,,,,,,,No,No,Some of them,Some of them,No,Yes,,No,,21-30
747,2014-08-28 11:09:00,28.0,Male,Canada,,No,No,No,,6-25,No,Yes,Yes,,No,,Yes,Very easy,No,No,Some of them,Yes,Maybe,Maybe,Yes,No,,21-30
748,2014-08-28 11:10:00,32.0,Male,Italy,,No,No,No,,6-25,No,Yes,No,No,No,No,No,Somewhat difficult,Maybe,No,Some of them,No,Maybe,Maybe,No,No,Italians are somewhat behind for what concerns mental health care in the workplace.  Physical health care is very much accepted with a doctor that certifies your ailment.  Mental health is treated quite differently I believe because most people are willing to admit that physical ailments should be covered while mental ailments are almost considered non-existent in most respects.,31-40
749,2014-08-28 11:14:00,35.0,Male,United States,CA,No,Yes,Yes,Rarely,6-25,No,Yes,Yes,Yes,Yes,Yes,Yes,Very easy,No,No,Some of them,Yes,No,No,Yes,No,Since I am the CEO of my startup some of the would you feel comfortable and do you know the policy questions are interesting.  Of course I feel comfortable since no one can fire me and I know the policies because I chose them!However now I am curious if my employees know just how supportive the company would be of their mental health needs and this survey is making me realize that we probably haven't done a great job communicating that to everyone.  Thanks for doing this.,31-40
750,2014-08-28 11:15:00,19.0,Male,Canada,,No,No,Yes,Sometimes,26-100,No,Yes,,,No,No,,Somewhat difficult,No,No,Some of them,Yes,No,Yes,,No,,11-20
751,2014-08-28 11:19:00,33.0,Male,Norway,,No,Yes,No,,26-100,No,Yes,Yes,Yes,No,No,,Very easy,No,No,Some of them,Yes,No,No,,No,,31-40
752,2014-08-28 11:20:00,42.0,Male,Germany,,No,No,No,,1000+,Yes,Yes,,,Yes,Yes,Yes,Very easy,No,No,Some of them,No,No,Maybe,Yes,No,,41-50
753,2014-08-28 11:21:00,37.0,Male,United States,MI,No,Yes,Yes,Sometimes,100-500,No,Yes,,,,,,,Maybe,No,Some of them,Some of them,No,No,,No,,31-40
754,2014-08-28 11:21:00,40.0,Male,Thailand,,Yes,No,No,Never,6-25,No,Yes,No,No,No,No,Yes,Very easy,No,No,Some of them,Yes,Maybe,Maybe,Yes,No,,31-40
755,2014-08-28 11:22:00,36.0,Male,United States,CA,No,No,No,Never,1000+,No,Yes,Yes,Yes,Yes,Yes,Yes,Very easy,No,No,Some of them,Yes,No,No,Yes,No,,31-40
756,2014-08-28 11:26:00,29.0,Female,United States,OR,No,Yes,Yes,Sometimes,26-100,Yes,No,,No,No,,,,Maybe,No,Some of them,Yes,No,Maybe,,No,,21-30
757,2014-08-28 11:27:00,38.0,Female,United States,NC,No,Yes,Yes,Sometimes,26-100,No,No,Yes,,No,,,,Maybe,No,No,No,No,No,,No,I work for the state so the health plan is large and cumbersome.  I believe it covers most medical as a state benefit but I haven't seen any promotion of it.  And it's not really the same as a tech company where I am.  We are an IT department but hardly run like any tech company around.,31-40
758,2014-08-28 11:29:00,26.0,Male,United States,CA,No,Yes,Yes,Sometimes,1000+,No,Yes,Yes,No,Yes,,,Somewhat difficult,Yes,Maybe,No,No,No,Maybe,No,No,,21-30
759,2014-08-28 11:32:00,34.0,Male,Germany,,No,No,No,Rarely,26-100,No,Yes,No,No,No,No,Yes,Somewhat easy,Maybe,Maybe,No,Some of them,Maybe,Maybe,Yes,No,,31-40
760,2014-08-28 11:34:00,21.0,Male,United States,IL,No,No,Yes,Often,1000+,No,No,No,Yes,No,No,No,,Yes,No,Some of them,Some of them,No,Yes,No,Yes,I have Narcolepsy and have been fired from a job before for falling asleep standing up during a meeting. I was standing up in the back of the room so that i could pace and try to prevent myself from falling asleep. I still managed to fall asleep while standing and fell over against the wall. I was fired the next day. The worst part is this is a condition i had given months of notice about to my boss and i reminded her of it before the meeting. I worked at a hospital at the time. I would have thought that they would be more accommodating.,21-30
761,2014-08-28 11:36:00,31.0,Male,Canada,,Yes,Yes,No,Sometimes,1-5,Yes,Yes,No,Yes,No,No,Yes,Somewhat easy,No,No,No,No,No,No,Yes,No,I feel like most of my answers were useless due to answering that I am self-employed early on. Since my employer is me... my employer does/doesn't offer mental health benefits or would I be comfortable bring it up with 'them' doesn't make sense...,31-40
762,2014-08-28 11:38:00,37.0,Female,United States,CA,No,Yes,Yes,Rarely,26-100,No,No,Yes,Yes,Yes,Yes,,,Maybe,Maybe,Yes,Some of them,No,Maybe,Yes,No,,31-40
763,2014-08-28 11:40:00,37.0,Male,Ireland,,No,Yes,Yes,Sometimes,1-5,No,Yes,No,No,No,No,,Very easy,No,No,Yes,Yes,Maybe,Maybe,Yes,No,,31-40
764,2014-08-28 11:44:00,38.0,Male,Ireland,,No,Yes,Yes,Sometimes,1-5,No,Yes,No,No,No,No,No,Very difficult,Yes,Yes,No,No,No,No,No,No,,31-40
765,2014-08-28 11:47:00,27.0,Female,United States,CA,No,No,Yes,Sometimes,100-500,No,Yes,,,Yes,,,Somewhat easy,Yes,No,Some of them,No,No,Maybe,No,No,,21-30
766,2014-08-28 11:48:00,39.0,Male,Netherlands,,Yes,No,No,,6-25,No,Yes,No,No,Yes,No,Yes,Somewhat easy,No,No,Some of them,Yes,Maybe,Maybe,Yes,No,,31-40
767,2014-08-28 11:50:00,33.0,Female,United States,AZ,Yes,Yes,Yes,Sometimes,1-5,No,Yes,Yes,Yes,Yes,Yes,Yes,Somewhat easy,Maybe,Yes,Some of them,No,No,No,No,No,,31-40
768,2014-08-28 11:50:00,27.0,Male,United Kingdom,,No,No,No,Never,26-100,No,Yes,,,No,,,Somewhat easy,No,No,Some of them,No,Yes,Yes,,No,,21-30
769,2014-08-28 11:54:00,36.0,Female,United States,CA,No,No,Yes,Never,6-25,Yes,Yes,Yes,No,No,No,,,Maybe,Maybe,Some of them,Some of them,No,No,No,No,,31-40
770,2014-08-28 11:58:00,28.0,Male,United Kingdom,,No,No,No,Never,26-100,No,Yes,,,No,No,,Somewhat easy,No,No,Some of them,Yes,Maybe,Yes,,No,,21-30
771,2014-08-28 11:59:00,39.0,Male,United Kingdom,,No,No,Yes,Sometimes,500-1000,No,No,,No,No,No,,,Maybe,Maybe,Some of them,Some of them,No,No,,No,,31-40
772,2014-08-28 12:02:00,33.0,Male,United States,VA,Yes,Yes,Yes,Sometimes,1-5,Yes,Yes,No,Yes,No,No,Yes,Very easy,Maybe,Maybe,Yes,Yes,No,No,Yes,No,My current work situation was constructed in part because of my mental health issues. One of the reasons I'm self employed is to give me the most flexibility for coping with my mental health issues.I have been removed from a client project in the past because of a mental health condition. This was while I was an employee for a large consulting company.,31-40
773,2014-08-28 12:05:00,32.0,Male,United Kingdom,,No,No,No,,1000+,No,No,,,No,,,,Maybe,No,Some of them,Some of them,No,Yes,,No,,31-40
774,2014-08-28 12:06:00,28.0,Male,United Kingdom,,No,No,No,,1000+,No,No,,,No,,,,No,No,Some of them,Some of them,Yes,Yes,No,No,,21-30
775,2014-08-28 12:07:00,37.0,Male,United Kingdom,,No,Yes,Yes,Rarely,6-25,No,Yes,No,No,No,No,Yes,Somewhat easy,Yes,No,Some of them,Yes,No,Maybe,No,Yes,Some of these questions are not really suitable for non US people.,31-40
776,2014-08-28 12:08:00,39.0,Male,Canada,,No,No,Yes,Sometimes,100-500,No,No,Yes,Yes,Yes,Yes,Yes,Very easy,Yes,No,Some of them,Yes,No,Maybe,No,Yes,,31-40
777,2014-08-28 12:09:00,43.0,Msle,United States,VA,No,No,No,Sometimes,6-25,Yes,Yes,,No,No,,,,Maybe,No,No,No,No,Maybe,No,No,,41-50
778,2014-08-28 12:10:00,32.0,Neuter,United Kingdom,,No,No,Yes,Sometimes,1000+,No,No,,No,Yes,Yes,,,No,No,Yes,Some of them,Yes,Yes,Yes,Yes,,31-40
779,2014-08-28 12:10:00,27.0,Female,United States,WA,No,No,No,,1000+,No,Yes,,,No,Yes,,,Maybe,No,Some of them,Yes,No,No,,No,,21-30
780,2014-08-28 12:12:00,31.0,Female,United Kingdom,,No,No,No,,6-25,No,Yes,,No,No,No,,,No,No,Yes,Yes,Maybe,Maybe,,No,,31-40
781,2014-08-28 12:15:00,43.0,Male,United Kingdom,,No,No,Yes,Never,26-100,No,Yes,,No,No,,,,No,No,Yes,Yes,Yes,Yes,,No,,41-50
782,2014-08-28 12:19:00,33.0,Male,United States,WI,No,No,Yes,Sometimes,6-25,Yes,Yes,No,Yes,No,No,Yes,Somewhat difficult,No,No,Yes,Yes,Yes,Yes,,No,,31-40
783,2014-08-28 12:19:00,34.0,Male,United Kingdom,,No,Yes,Yes,Sometimes,1000+,No,Yes,,,,,Yes,Very easy,No,No,Some of them,Yes,No,Maybe,Yes,No,,31-40
784,2014-08-28 12:22:00,33.0,Male,United States,CA,Yes,No,No,,1-5,No,Yes,,No,No,No,,,No,No,Yes,Yes,No,Maybe,,No,,31-40
785,2014-08-28 12:23:00,25.0,Male,United States,CA,No,No,No,,6-25,No,Yes,,No,No,No,,,No,No,Some of them,Yes,No,No,,No,,21-30
786,2014-08-28 12:30:00,25.0,Male,United States,NE,No,Yes,Yes,Sometimes,1000+,No,No,Yes,Yes,Yes,Yes,Yes,,Maybe,No,Some of them,Some of them,No,No,No,Yes,,21-30
787,2014-08-28 12:40:00,32.0,Male,United Kingdom,,Yes,Yes,No,,1-5,No,Yes,No,Yes,No,No,Yes,Somewhat easy,No,No,No,Yes,No,Maybe,No,No,,31-40
788,2014-08-28 12:42:00,25.0,Male,United States,CO,No,Yes,Yes,Sometimes,26-100,No,Yes,Yes,Yes,,,Yes,,Maybe,No,Some of them,Some of them,No,Maybe,,No,,21-30
789,2014-08-28 12:42:00,37.0,Male,Netherlands,,No,No,No,,100-500,Yes,No,,No,,,,Somewhat easy,Maybe,No,Yes,Yes,No,No,,No,,31-40
790,2014-08-28 12:44:00,39.0,Male,Switzerland,,No,No,Yes,Never,1000+,No,Yes,Yes,Yes,Yes,Yes,Yes,Somewhat easy,No,No,Some of them,Some of them,No,Maybe,Yes,No,,31-40
791,2014-08-28 12:53:00,29.0,Male,United Kingdom,,No,No,No,Rarely,100-500,No,Yes,,,No,No,,Somewhat easy,No,No,Some of them,Yes,No,Maybe,,Yes,,21-30
792,2014-08-28 13:01:00,33.0,Male,United States,NY,No,No,Yes,Sometimes,1000+,No,Yes,Yes,Yes,,,,,Maybe,Maybe,Some of them,Some of them,No,No,,No,,31-40
793,2014-08-28 13:04:00,37.0,Female,United States,TX,No,No,Yes,Often,6-25,Yes,Yes,,,No,No,Yes,Somewhat difficult,Yes,No,Some of them,Some of them,No,Yes,No,Yes,,31-40
794,2014-08-28 13:08:00,35.0,Female,United States,LA,No,No,Yes,Sometimes,100-500,No,No,Yes,No,No,No,Yes,Very difficult,Yes,Maybe,No,Some of them,No,Yes,No,Yes,I work for the state government. While things are slowly changing regarding covering mental health with state employees it's just not something that is acceptable in this kind of strict environment so I have to be careful about what I say and how I say it. I often take mental health days but have to call in with a physical illness because mental health problems are not acceptable excuses for using sick leave.,31-40
795,2014-08-28 13:11:00,22.0,Female,United States,WA,No,Yes,Yes,Sometimes,1000+,No,Yes,,,,,,Very difficult,Yes,Maybe,Some of them,Some of them,No,Maybe,No,Yes,,21-30
796,2014-08-28 13:17:00,38.0,Male,United States,MI,No,No,No,Never,26-100,No,Yes,Yes,Yes,No,No,,Somewhat easy,Maybe,No,Some of them,Yes,No,Maybe,No,Yes,,31-40
797,2014-08-28 13:26:00,32.0,Female,United States,CA,No,Yes,Yes,Often,100-500,No,Yes,Yes,No,No,,,,Yes,No,Some of them,Yes,No,No,,No,,31-40
798,2014-08-28 13:32:00,28.0,Male,Brazil,,No,No,No,,26-100,No,Yes,,No,No,No,,,Maybe,No,Some of them,Yes,Maybe,Yes,No,Yes,,21-30
799,2014-08-28 13:34:00,27.0,Male,Switzerland,,No,Yes,No,,26-100,No,Yes,No,No,No,No,,,Maybe,No,Some of them,Yes,No,Yes,No,No,Thank you for your work what you do is important!,21-30
800,2014-08-28 13:35:00,35.0,Female,United States,CA,No,No,Yes,Sometimes,100-500,Yes,Yes,,No,,,,Very easy,Maybe,No,Some of them,No,No,Maybe,Yes,No,It might be safe to talk about it where I am now but I don't know for sure and I err on the side of being over cautious. Struggle with depression and anxiety which sometimes affects my productivity but I try to make up / cover up for it instead of being open about it.,31-40
801,2014-08-28 13:39:00,29.0,Male,United States,MD,No,No,No,Never,100-500,No,No,Yes,Yes,Yes,No,Yes,Very easy,Yes,Maybe,Yes,Yes,No,Maybe,,No,,21-30
802,2014-08-28 13:39:00,23.0,Male,United States,CA,No,Yes,Yes,Sometimes,6-25,No,Yes,No,Yes,No,No,,Very easy,No,No,Some of them,Yes,Maybe,Maybe,Yes,No,,21-30
803,2014-08-28 13:40:00,39.0,Male,United States,CT,No,No,No,,26-100,Yes,Yes,Yes,No,No,No,,,Yes,Maybe,No,No,No,No,,No,,31-40
804,2014-08-28 13:41:00,30.0,Female,United States,CA,No,No,No,,1000+,No,Yes,Yes,Yes,Yes,Yes,Yes,Very easy,No,No,Some of them,No,No,No,Yes,No,,21-30
805,2014-08-28 13:47:00,32.0,Male,United Kingdom,,No,No,No,,26-100,No,Yes,,,No,,,Somewhat easy,Maybe,Maybe,Some of them,Some of them,Maybe,Maybe,,No,,31-40
806,2014-08-28 13:47:00,28.0,Female,United States,CA,No,No,Yes,Sometimes,26-100,No,Yes,No,Yes,No,No,,Somewhat difficult,Yes,Maybe,Some of them,Some of them,No,No,No,Yes,,21-30
807,2014-08-28 13:48:00,40.0,Female,United States,WA,No,Yes,Yes,Sometimes,100-500,No,No,Yes,Yes,Yes,Yes,Yes,,Maybe,No,Some of them,Yes,No,No,,Yes,I'm comfortable talking about mental health with my current supervisor & my immediate at my current job but this is a first for me!,31-40
808,2014-08-28 13:54:00,36.0,Female,United States,CA,No,Yes,No,,6-25,No,Yes,,No,No,,,,No,No,No,Some of them,No,Maybe,Yes,No,,31-40
809,2014-08-28 13:57:00,27.0,Male,United States,IN,No,No,No,,26-100,Yes,Yes,,,No,,,Very easy,No,No,Yes,Yes,Maybe,Maybe,Yes,No,,21-30
810,2014-08-28 14:00:00,41.0,Male,United States,TX,No,Yes,No,Sometimes,1000+,No,Yes,Yes,Yes,No,Yes,,,Maybe,No,Some of them,Some of them,No,Maybe,No,No,,41-50
811,2014-08-28 14:01:00,29.0,Male,United Kingdom,,No,No,No,Never,6-25,No,Yes,,No,No,No,,,Maybe,No,Some of them,No,No,Maybe,,No,,21-30
812,2014-08-28 14:02:00,29.0,Male,United Kingdom,,No,No,Yes,Sometimes,100-500,No,Yes,No,No,No,No,,Somewhat difficult,No,No,Some of them,Some of them,No,Maybe,No,No,,21-30
813,2014-08-28 14:04:00,35.0,Male,United States,MO,No,No,Yes,Often,1-5,No,No,No,No,No,No,Yes,Very difficult,Yes,No,Some of them,Some of them,No,Yes,No,Yes,,31-40
814,2014-08-28 14:12:00,28.0,Male,United States,NV,No,No,Yes,Never,6-25,Yes,Yes,No,Yes,No,No,,,Maybe,Maybe,Some of them,Some of them,No,No,,No,,21-30
815,2014-08-28 14:15:00,36.0,Female,United Kingdom,,Yes,No,No,Sometimes,1-5,Yes,Yes,,,,,,,Maybe,No,Some of them,No,No,No,,No,,31-40
816,2014-08-28 14:31:00,39.0,Female,United States,WA,No,No,No,Sometimes,26-100,No,Yes,,,No,,,,Yes,No,No,No,No,Yes,,No,,31-40
817,2014-08-28 14:38:00,39.0,Male,United States,FL,No,Yes,Yes,Sometimes,500-1000,No,Yes,Yes,Yes,Yes,Yes,Yes,Very difficult,Maybe,No,Some of them,Yes,No,No,,No,,31-40
818,2014-08-28 14:41:00,44.0,Male,United States,,Yes,Yes,Yes,Sometimes,1-5,Yes,Yes,No,Yes,No,No,No,Very easy,Yes,Yes,Some of them,No,No,No,Yes,No,,41-50
819,2014-08-28 14:46:00,26.0,Non-binary/Other,Germany,,Yes,No,Yes,Sometimes,6-25,Yes,Yes,No,,Yes,Yes,Yes,Very easy,No,No,Some of them,Some of them,Maybe,Maybe,Yes,No,,21-30
820,2014-08-28 14:51:00,35.0,Male,Denmark,,Yes,Yes,Yes,Often,1-5,No,Yes,No,Yes,Yes,No,,Somewhat easy,No,No,Some of them,Some of them,Maybe,Yes,Yes,No,,31-40
821,2014-08-28 14:52:00,40.0,Female,United States,WA,No,Yes,Yes,Sometimes,100-500,No,No,Yes,,Yes,,,,Yes,Maybe,Some of them,No,No,No,,No,,31-40
822,2014-08-28 14:53:00,35.0,Male,Denmark,,Yes,Yes,Yes,Often,1-5,No,Yes,No,Yes,Yes,No,,Somewhat easy,No,No,Some of them,Some of them,Maybe,Yes,Yes,No,,31-40
823,2014-08-28 14:53:00,38.0,Male,United States,IL,No,No,No,Never,1000+,Yes,Yes,No,Yes,No,No,No,Very difficult,Yes,Yes,No,No,No,No,,No,,31-40
824,2014-08-28 14:57:00,34.0,Male,United States,FL,No,No,No,,1000+,Yes,Yes,,,,,,,No,No,Some of them,Yes,No,Maybe,Yes,No,,31-40
825,2014-08-28 15:01:00,43.0,Male,United States,MA,No,No,No,,1000+,No,Yes,Yes,No,Yes,Yes,,,No,No,Some of them,Yes,No,Maybe,,No,,41-50
826,2014-08-28 15:25:00,48.0,Female (Cis),United States,CA,No,Yes,No,Often,26-100,No,Yes,,No,No,No,No,Very difficult,Yes,Yes,No,Some of them,No,No,No,Yes,None of us who are already in marginal groups in tech--the non-young the non-male the non-white--will risk our careers to admit another source of stigma: poor health.,41-50
827,2014-08-28 15:32:00,20.0,Male,United States,WA,No,No,No,Never,26-100,No,Yes,,,,,,,No,No,Some of them,Yes,Maybe,Maybe,Yes,No,,11-20
828,2014-08-28 15:37:00,40.0,Male,United States,MI,Yes,No,No,Sometimes,1-5,Yes,Yes,,,No,No,,Somewhat easy,Yes,Maybe,Some of them,No,No,No,,No,,31-40
829,2014-08-28 15:40:00,29.0,Female,United Kingdom,,No,No,Yes,Rarely,6-25,No,Yes,,No,No,No,,,Maybe,No,Some of them,No,No,Maybe,,No,,21-30
830,2014-08-28 15:43:00,35.0,Male,United States,MI,No,Yes,Yes,Sometimes,1-5,No,No,No,Yes,No,No,Yes,,No,No,Some of them,Yes,No,No,Yes,No,,31-40
831,2014-08-28 15:48:00,29.0,Male,United States,WI,No,Yes,No,Sometimes,1000+,Yes,No,Yes,Yes,No,Yes,Yes,Very easy,Maybe,No,Some of them,No,No,No,Yes,No,,21-30
832,2014-08-28 15:50:00,40.0,Male,United States,CA,No,No,No,Never,100-500,No,Yes,Yes,,No,,,,Maybe,No,Some of them,Some of them,No,Maybe,,No,,31-40
833,2014-08-28 15:50:00,29.0,Male,Sweden,,No,No,Yes,Rarely,6-25,No,Yes,No,Yes,No,No,Yes,Very easy,No,No,Some of them,Yes,No,No,Yes,No,,21-30
834,2014-08-28 15:54:00,29.0,Female,United States,CA,No,Yes,Yes,Rarely,100-500,No,Yes,Yes,,,No,,,No,No,Yes,Yes,No,Maybe,,No,,21-30
835,2014-08-28 15:56:00,34.0,Male,United States,TX,No,No,Yes,Sometimes,1-5,No,Yes,No,No,No,No,,,Yes,No,No,No,No,Yes,,No,,31-40
836,2014-08-28 16:09:00,44.0,Male,United Kingdom,,No,Yes,Yes,Sometimes,500-1000,No,No,,No,No,No,,Somewhat difficult,Maybe,No,Some of them,Yes,No,Maybe,No,Yes,,41-50
837,2014-08-28 16:17:00,24.0,Female,United States,NY,No,Yes,Yes,Often,6-25,No,Yes,Yes,Yes,No,No,Yes,Very easy,No,No,Some of them,Yes,No,Yes,No,Yes,,21-30
838,2014-08-28 16:31:00,47.0,Female,United States,PA,No,No,No,,100-500,Yes,Yes,,No,No,,,Very difficult,Yes,Yes,No,No,No,No,No,No,,41-50
839,2014-08-28 16:42:00,43.0,Male,United Kingdom,,No,Yes,No,,1000+,No,No,,No,No,No,,Very easy,Maybe,No,Some of them,Yes,No,Maybe,,No,,41-50
840,2014-08-28 16:52:00,36.0,Male,United States,PA,No,No,No,Rarely,1000+,No,Yes,Yes,Yes,Yes,Yes,Yes,Somewhat difficult,No,No,Some of them,Yes,No,No,No,No,,31-40
841,2014-08-28 16:52:00,43.0,Male,United States,GA,No,No,Yes,Sometimes,1000+,No,No,,No,No,,,Very difficult,Maybe,No,Some of them,Yes,No,No,,No,,41-50
842,2014-08-28 16:52:00,36.0,Male,United Kingdom,,Yes,No,No,Sometimes,6-25,Yes,Yes,No,No,No,No,,Somewhat difficult,No,No,Yes,Yes,No,Maybe,,Yes,,31-40
843,2014-08-28 16:54:00,31.0,Female,United States,NY,No,Yes,Yes,Sometimes,100-500,No,Yes,Yes,Yes,No,No,,Somewhat difficult,No,No,Yes,Yes,Maybe,Maybe,,No,I have been incredibly public about my own struggle in my own conversations and in social media insofar as how I can use my depression to raise awareness or help others. Because of that my employer - or any future employer - kind of knows by default. It's not a secret. That said the downside of that openness is that I have no faith that I wouldn't be discriminated against at a future job simply because the information is public. Likewise I worry I'm seen as less-than by my employer in some circumstances. Regerdless I don't regret being public and raising awareness. My point is that even those of us who do publicly discuss the issue fear systemic retribution.,31-40
844,2014-08-28 16:55:00,35.0,Male,United States,CA,No,No,No,Sometimes,1000+,No,Yes,,,Yes,,,,Maybe,No,Some of them,No,No,No,,No,,31-40
845,2014-08-28 16:55:00,33.0,Male,United States,TN,No,Yes,No,,26-100,No,No,Yes,No,No,No,Yes,Somewhat difficult,No,No,Some of them,Some of them,No,No,,No,,31-40
846,2014-08-28 16:56:00,37.0,Male,Italy,,No,No,No,Sometimes,26-100,No,Yes,,,,,,,Yes,Yes,Some of them,No,No,No,No,No,,31-40
847,2014-08-28 16:56:00,34.0,Male,United States,TN,No,No,Yes,Sometimes,100-500,No,Yes,,No,Yes,,Yes,,Maybe,No,Some of them,No,No,No,,No,At a previous employer I witness a bad thing happen to a coworker with mental health issues get swept under the rug... :(,31-40
848,2014-08-28 16:56:00,36.0,Male,Netherlands,,Yes,No,Yes,Sometimes,1-5,No,Yes,No,No,No,No,,Very easy,No,No,Yes,No,No,No,Yes,No,,31-40
849,2014-08-28 16:57:00,40.0,Male,United States,TN,Yes,Yes,Yes,Sometimes,1-5,Yes,Yes,No,Yes,No,No,Yes,Very easy,No,No,Yes,Yes,No,No,Yes,No,,31-40
850,2014-08-28 16:57:00,40.0,Male,United States,IL,No,No,No,Rarely,1000+,No,Yes,Yes,Yes,Yes,Yes,Yes,,No,No,Some of them,Some of them,No,Maybe,,No,While not personally affected I do have immediate family with mental health illness and my employer has been very supportive. Thanks for doing this survey.,31-40
851,2014-08-28 16:57:00,42.0,Male,United States,WI,No,No,Yes,Sometimes,1-5,Yes,Yes,No,Yes,No,No,,Somewhat easy,Maybe,No,No,No,No,Maybe,,No,,41-50
852,2014-08-28 16:58:00,23.0,Male,United States,KY,No,Yes,No,,26-100,Yes,Yes,Yes,Yes,No,,Yes,,Maybe,No,No,Some of them,No,No,,No,,21-30
853,2014-08-28 16:58:00,21.0,Male,United Kingdom,,No,Yes,No,Never,6-25,No,No,No,No,No,No,Yes,Somewhat easy,Maybe,No,Some of them,Some of them,No,Maybe,,No,,21-30
854,2014-08-28 16:58:00,26.0,Male,Canada,,No,No,No,Sometimes,6-25,Yes,Yes,No,No,No,No,,Very difficult,Yes,Maybe,Some of them,Some of them,No,Maybe,,No,,21-30
855,2014-08-28 17:01:00,31.0,Male,United States,,No,Yes,No,,6-25,No,Yes,,,No,No,,,Maybe,No,Some of them,Some of them,No,No,,No,,31-40
856,2014-08-28 17:01:00,25.0,Male,United States,CA,No,Yes,No,,1000+,No,Yes,Yes,Yes,Yes,Yes,Yes,Very easy,No,No,Some of them,Yes,Maybe,Yes,Yes,No,,21-30
857,2014-08-28 17:01:00,51.0,Male,United States,MN,No,No,No,Never,1000+,Yes,Yes,Yes,Yes,Yes,Yes,Yes,Very easy,No,No,Yes,Yes,No,No,Yes,No,,51-60
858,2014-08-28 17:02:00,24.0,Male,United States,TN,No,No,No,,6-25,No,Yes,,,,No,Yes,Somewhat easy,No,No,Some of them,Yes,No,Maybe,,No,,21-30
859,2014-08-28 17:02:00,33.0,Male,United States,MN,No,No,No,,100-500,No,Yes,No,No,No,No,,,Maybe,No,Some of them,Yes,No,No,No,No,The company I work for was started by engineers and so anything other then the engineering department has always lacked a bit. Now that we've grown things are better but I feel that overall our total benefits package (including healthcare) isn't well communicated. This reflects negatively on the mental health questions above but would also reflect negatively on any other sort of survey about the benefits. That is I don't think the company is purposefully doing less for mental health. They just aren't doing enough across the board and that includes mental health.,31-40
860,2014-08-28 17:02:00,32.0,Male,United Kingdom,,No,Yes,Yes,Rarely,6-25,No,No,No,No,No,No,No,,Yes,Maybe,Some of them,No,No,No,No,No,,31-40
861,2014-08-28 17:02:00,32.0,Male,United Kingdom,,No,Yes,Yes,Rarely,6-25,No,No,No,No,No,No,No,,Yes,Maybe,Some of them,No,No,No,No,No,,31-40
862,2014-08-28 17:03:00,26.0,Male,United Kingdom,,Yes,No,Yes,Rarely,1-5,Yes,Yes,No,,,,,Somewhat difficult,No,No,Yes,Yes,Maybe,Maybe,Yes,No,,21-30
863,2014-08-28 17:07:00,23.0,Male,United States,IL,No,No,No,Never,100-500,No,No,,No,,,,,Maybe,No,Some of them,Some of them,Maybe,Maybe,,No,,21-30
864,2014-08-28 17:07:00,33.0,Male,United States,TN,No,Yes,Yes,Often,6-25,Yes,Yes,No,Yes,No,No,,Very difficult,Yes,No,Some of them,Yes,No,Maybe,No,No,,31-40
865,2014-08-28 17:07:00,46.0,Male,United States,IL,No,No,Yes,Rarely,1000+,No,No,Yes,Yes,Yes,Yes,Yes,Somewhat easy,Yes,Maybe,No,No,No,Maybe,Yes,No,,41-50
866,2014-08-28 17:08:00,34.0,Male,United Kingdom,,No,No,No,,6-25,Yes,Yes,No,No,No,No,No,Somewhat difficult,Yes,Maybe,No,No,No,Yes,No,Yes,,31-40
867,2014-08-28 17:09:00,35.0,Male,United States,DC,No,Yes,Yes,Sometimes,6-25,No,Yes,Yes,Yes,No,No,,Somewhat easy,Maybe,Maybe,Some of them,Some of them,No,No,,No,,31-40
868,2014-08-28 17:10:00,39.0,Male,United States,KS,No,No,No,,1-5,Yes,Yes,No,Yes,No,No,,Very difficult,Maybe,Maybe,Some of them,Yes,Maybe,Maybe,No,No,Thank you for all you are doing to study this topic and raise awareness in our communities.,31-40
869,2014-08-28 17:10:00,32.0,Male,Germany,,Yes,No,No,Sometimes,1-5,Yes,Yes,No,Yes,No,No,Yes,Somewhat easy,No,No,Some of them,Some of them,Maybe,Maybe,No,No,,31-40
870,2014-08-28 17:10:00,43.0,Male,Mexico,,Yes,No,No,,1000+,Yes,Yes,,No,No,,,,No,No,Some of them,Yes,No,Maybe,,No,,41-50
871,2014-08-28 17:11:00,56.0,Male,United States,CA,No,No,Yes,Rarely,1000+,Yes,Yes,Yes,Yes,,Yes,Yes,Somewhat easy,No,No,Yes,Yes,Yes,Yes,Yes,No,,51-60
872,2014-08-28 17:12:00,32.0,Female,United Kingdom,,No,Yes,Yes,Sometimes,100-500,No,Yes,,No,No,No,,Somewhat difficult,Maybe,No,Some of them,Some of them,No,Yes,,Yes,,31-40
873,2014-08-28 17:14:00,41.0,Male,United Kingdom,,No,No,No,,26-100,No,No,Yes,Yes,Yes,Yes,Yes,,Maybe,Maybe,Some of them,Some of them,No,Yes,No,Yes,,41-50
874,2014-08-28 17:16:00,39.0,Male,United States,TN,No,No,No,,1000+,Yes,Yes,,,,,,,No,No,Some of them,Yes,No,No,,No,,31-40
875,2014-08-28 17:19:00,37.0,Male,United States,OK,No,Yes,No,,500-1000,No,No,Yes,Yes,No,No,Yes,Very easy,Maybe,No,No,No,No,No,No,No,,31-40
876,2014-08-28 17:19:00,30.0,Male,United States,CA,Yes,Yes,Yes,Sometimes,6-25,Yes,Yes,,,No,,,Very difficult,Yes,No,No,No,No,Maybe,,No,The main reason for the openness answers are because of an experience with my last employer. I felt I could trust my direct supervisor so I divulged information. It ended up spreading to more supervisors and eventually my coworkers. Supers highly suggested treatment but rushed things that shouldn't have been rushed and I ended up being incorrectly treated in a psych ward and mentally scarred from the issue. I lost most of my desire to program due to the experience not to mention thousands of dollars I lost - lost work time vacation time they used for treatment time doctors expenses etc. I have major depressive disorder high anxiety and mild agoraphobia. After seeing what treatment has to offer I will likely not seek it again and continue as is. (Long story short.),21-30
877,2014-08-28 17:19:00,31.0,Male,United States,TN,No,No,No,,26-100,No,Yes,Yes,No,Yes,No,Yes,Somewhat easy,Maybe,No,Some of them,Some of them,No,Maybe,No,No,,31-40
878,2014-08-28 17:20:00,29.0,Male,United States,TX,No,No,No,,1000+,No,No,,,No,,,,Maybe,No,No,Some of them,No,Maybe,,No,,21-30
879,2014-08-28 17:20:00,23.0,Female,United Kingdom,,No,Yes,No,Never,1000+,No,No,No,No,No,Yes,,Somewhat easy,Yes,Maybe,No,No,No,Maybe,,No,,21-30
880,2014-08-28 17:21:00,31.0,Male,United States,CO,No,No,Yes,Never,26-100,No,Yes,Yes,Yes,No,,Yes,Very easy,Maybe,No,No,No,No,No,,No,,31-40
881,2014-08-28 17:21:00,29.0,Male,United States,TN,No,Yes,Yes,Sometimes,26-100,No,Yes,,,,,,,Maybe,No,Some of them,Some of them,No,No,Yes,No,,21-30
882,2014-08-28 17:22:00,30.0,Mail,United States,GA,No,No,No,Never,26-100,Yes,Yes,Yes,Yes,,,Yes,Very easy,No,No,Some of them,Yes,Maybe,Maybe,Yes,No,,21-30
883,2014-08-28 17:22:00,37.0,Male,United States,TN,No,No,No,Never,500-1000,Yes,Yes,Yes,No,Yes,,,,Maybe,No,Some of them,Yes,No,No,Yes,Yes,(yes but the situation was unusual and involved a change in leadership at a very high level in the organization as well as an extended leave of absence),31-40
884,2014-08-28 17:23:00,36.0,Male,United States,VA,Yes,No,No,Never,1-5,No,Yes,Yes,No,No,,,Somewhat difficult,No,No,Some of them,Yes,Yes,Yes,Yes,No,,31-40
885,2014-08-28 17:27:00,35.0,Male,United States,TN,No,Yes,Yes,Sometimes,26-100,Yes,Yes,Yes,Yes,No,,,,Maybe,Maybe,Some of them,No,No,Maybe,No,No,,31-40
886,2014-08-28 17:27:00,41.0,Male,United States,DC,No,Yes,No,Never,500-1000,Yes,No,,No,No,No,,,Maybe,No,No,No,No,No,,No,,41-50
887,2014-08-28 17:28:00,31.0,Male,United Kingdom,,No,No,Yes,Rarely,6-25,No,Yes,,,No,No,,,No,No,Some of them,Yes,No,No,,No,,31-40
888,2014-08-28 17:28:00,38.0,Male,United Kingdom,,No,Yes,No,,500-1000,No,No,Yes,Yes,Yes,Yes,,Somewhat easy,No,No,Some of them,Yes,No,Maybe,No,No,,31-40
889,2014-08-28 17:31:00,26.0,Male,India,,Yes,No,No,,100-500,No,Yes,No,No,No,No,Yes,Very easy,No,No,Some of them,Yes,No,No,Yes,No,,21-30
890,2014-08-28 17:33:00,39.0,Male,United States,TN,No,Yes,No,Sometimes,1000+,No,Yes,Yes,No,Yes,Yes,,,Maybe,Maybe,Some of them,Yes,Maybe,Maybe,,Yes,I would add that while there were negative consequences for coworkers with mental health they were given a HUGE amount of leeway.  I think the team at large tried their best to be kind but that's how the person suffered.  The company actually gave this person a lot of help.  Which was cool.  But the team still discriminated.,31-40
891,2014-08-28 17:33:00,42.0,Male,United States,VA,Yes,Yes,No,Sometimes,6-25,Yes,No,Yes,,,Yes,,,Maybe,Maybe,Some of them,No,No,Maybe,,No,,41-50
892,2014-08-28 17:34:00,32.0,Male,United States,TN,Yes,Yes,Yes,Rarely,1-5,Yes,Yes,No,Yes,No,No,,Very difficult,Yes,No,Some of them,No,No,Maybe,,No,,31-40
893,2014-08-28 17:35:00,29.0,Male,United States,TN,No,Yes,No,,100-500,No,Yes,,,,,,,No,No,Some of them,Yes,No,No,,No,,21-30
894,2014-08-28 17:36:00,30.0,Male,United States,TN,No,Yes,No,Never,100-500,No,Yes,Yes,No,,Yes,,Very difficult,Yes,Yes,Some of them,No,Maybe,Maybe,No,No,,21-30
895,2014-08-28 17:39:00,40.0,Male,United States,TN,No,Yes,Yes,Often,500-1000,Yes,Yes,,,No,,,,Maybe,Maybe,Some of them,Some of them,No,Yes,,No,Bipolar spectrum is tricky.,31-40
896,2014-08-28 17:45:00,51.0,Male,United States,TN,No,No,No,,100-500,No,No,,,No,,,Somewhat difficult,No,No,Some of them,Yes,No,No,,No,,51-60
897,2014-08-28 17:46:00,33.0,Male,United States,IN,No,No,No,Never,1000+,No,Yes,Yes,Yes,Yes,Yes,Yes,Somewhat easy,No,No,Some of them,Yes,No,No,Yes,No,,31-40
898,2014-08-28 17:47:00,34.0,Male,Germany,,Yes,No,Yes,Sometimes,1-5,Yes,Yes,No,,No,No,Yes,Somewhat difficult,Maybe,Maybe,Some of them,Some of them,No,No,,No,To be self employed helps but also brings you in touch with lots of new people that you might have to explain yourself to.,31-40
899,2014-08-28 17:47:00,50.0,Male,United States,VA,Yes,No,No,Never,1-5,Yes,Yes,No,Yes,No,No,Yes,Somewhat easy,No,No,Some of them,Yes,No,Maybe,Yes,No,A lot of these answers aren't really applicable since I'm self employed as a sole proprietor.,41-50
900,2014-08-28 17:50:00,24.0,Male,United States,TX,No,No,No,Sometimes,26-100,Yes,Yes,,No,No,,,Somewhat easy,No,No,Some of them,Yes,No,Maybe,No,No,,21-30
901,2014-08-28 17:56:00,25.0,Male,United States,TX,No,Yes,Yes,Rarely,26-100,No,No,No,No,No,No,,,Yes,Maybe,No,No,No,Maybe,No,No,,21-30
902,2014-08-28 17:57:00,43.0,Male,United Kingdom,,No,Yes,Yes,Rarely,26-100,No,Yes,No,No,No,No,,Very difficult,Yes,Yes,Some of them,No,No,No,No,Yes,,41-50
903,2014-08-28 17:57:00,25.0,Female,United States,CA,Yes,No,Yes,Often,1-5,No,Yes,Yes,Yes,Yes,Yes,Yes,Very easy,Maybe,Maybe,Some of them,Some of them,No,No,Yes,Yes,,21-30
904,2014-08-28 17:59:00,24.0,Male,United Kingdom,,Yes,No,No,,1-5,Yes,Yes,No,Yes,No,No,Yes,Very easy,No,No,No,No,No,Maybe,Yes,No,,21-30
905,2014-08-28 17:59:00,51.0,Male,United States,CO,Yes,No,No,Never,1-5,No,Yes,No,Yes,No,No,Yes,Somewhat difficult,No,No,Some of them,Some of them,Maybe,Maybe,,No,,51-60
906,2014-08-28 17:59:00,49.0,Male,United States,OR,No,Yes,Yes,Sometimes,1000+,No,Yes,Yes,Yes,No,Yes,Yes,Somewhat difficult,Yes,Maybe,No,No,No,Maybe,No,Yes,,41-50
907,2014-08-28 18:01:00,30.0,Male,United States,OK,No,No,No,,1000+,Yes,Yes,Yes,No,Yes,Yes,,,Yes,Maybe,No,No,No,No,,No,,21-30
908,2014-08-28 18:02:00,25.0,Female,United States,OH,No,Yes,Yes,Sometimes,1000+,No,Yes,Yes,Yes,Yes,No,,,Yes,Yes,No,No,No,No,No,No,While I have not seen any direct retaliation against people with known mental illness many people do freely use insults commonly associated with mental illness (r****d for example) and criticize people behind their back for taking extra leave for doctor appointments (Oh I bet they are just hung over or other comments about how lazy they are.),21-30
909,2014-08-28 18:07:00,36.0,Male,United States,TN,No,No,Yes,Rarely,500-1000,Yes,Yes,Yes,Yes,,,,,Maybe,No,No,No,No,Maybe,,No,,31-40
910,2014-08-28 18:17:00,48.0,Male,United States,VA,No,No,Yes,Never,1000+,No,Yes,Yes,Yes,Yes,Yes,Yes,,Maybe,Maybe,Yes,Yes,No,Maybe,Yes,Yes,,41-50
911,2014-08-28 18:18:00,48.0,Male,Australia,,No,No,Yes,Sometimes,6-25,No,Yes,No,No,No,No,,Somewhat easy,Yes,No,Some of them,No,No,Maybe,No,Yes,,41-50
912,2014-08-28 18:21:00,53.0,Male,United States,OR,No,No,Yes,Rarely,6-25,Yes,Yes,Yes,Yes,No,Yes,,,Maybe,Maybe,Some of them,No,No,No,,No,,51-60
913,2014-08-28 18:21:00,24.0,Female,United Kingdom,,No,Yes,Yes,Often,6-25,Yes,Yes,No,No,No,No,,Very easy,No,No,Yes,Yes,No,No,,No,,21-30
914,2014-08-28 18:26:00,33.0,Male,United States,OR,No,Yes,Yes,Sometimes,26-100,No,Yes,,Yes,No,Yes,,Somewhat easy,No,No,Yes,Yes,No,No,,No,,31-40
915,2014-08-28 18:50:00,25.0,Female,Canada,,No,Yes,Yes,Sometimes,6-25,No,Yes,Yes,Yes,No,No,Yes,Somewhat easy,No,No,Some of them,Yes,No,No,,No,,21-30
916,2014-08-28 19:03:00,30.0,Male,United Kingdom,,No,No,Yes,Sometimes,26-100,No,Yes,No,No,No,No,,Somewhat difficult,Yes,Maybe,Some of them,No,No,Maybe,No,No,,21-30
917,2014-08-28 19:04:00,30.0,Male,United States,PA,Yes,No,No,Never,1-5,Yes,Yes,No,Yes,No,No,Yes,Somewhat easy,Maybe,Maybe,Some of them,Some of them,Maybe,Maybe,,No,,21-30
918,2014-08-28 19:15:00,34.0,Male,United Kingdom,,Yes,No,Yes,Sometimes,1-5,Yes,Yes,No,No,No,No,Yes,Somewhat difficult,No,No,Some of them,Some of them,No,No,Yes,No,,31-40
919,2014-08-28 19:26:00,31.0,Male,United States,SC,No,No,No,,1000+,Yes,Yes,Yes,Yes,Yes,Yes,Yes,Very easy,No,No,Some of them,Yes,Maybe,Yes,Yes,No,,31-40
920,2014-08-28 19:28:00,22.0,Female,United States,CA,No,Yes,Yes,Often,1000+,No,Yes,,,No,,,,Yes,Yes,No,No,No,No,,No,,21-30
921,2014-08-28 19:35:00,28.0,Male,United States,TN,No,Yes,No,Sometimes,6-25,No,Yes,,,No,,,Somewhat easy,No,No,Some of them,Yes,No,Yes,,No,,21-30
922,2014-08-28 20:12:00,35.0,Male,United States,UT,No,Yes,Yes,Rarely,26-100,No,No,Yes,Yes,No,Yes,Yes,Somewhat difficult,Maybe,No,Some of them,Some of them,No,No,No,No,,31-40
923,2014-08-28 20:31:00,28.0,Male,United States,CA,No,Yes,Yes,Sometimes,26-100,No,No,Yes,No,No,No,,,Maybe,Maybe,Some of them,Some of them,No,No,Yes,No,,21-30
924,2014-08-28 20:49:00,42.0,Male,New Zealand,,No,No,Yes,Sometimes,1000+,No,No,No,Yes,,No,Yes,Somewhat difficult,Yes,Maybe,Some of them,Some of them,No,Yes,No,Yes,,41-50
925,2014-08-28 21:22:00,33.0,Male,United States,MO,No,Yes,No,,500-1000,No,Yes,Yes,No,,,,Very easy,No,No,Yes,Yes,Yes,Yes,Yes,No,,31-40
926,2014-08-28 21:24:00,29.0,Male,United States,CA,No,No,No,Sometimes,1000+,No,Yes,Yes,No,Yes,No,,,Yes,Maybe,No,No,No,No,,No,,21-30
927,2014-08-28 21:27:00,43.0,Male,United States,,No,Yes,No,Sometimes,500-1000,No,No,Yes,,No,,,,Maybe,No,No,Some of them,No,Maybe,No,No,My employer gives access to basic counseling and referrals but I don't know (and it's not obvious) what might be covered in the way of expenses for therapy medication etc.,41-50
928,2014-08-28 21:30:00,29.0,Male,United States,NY,No,No,No,,26-100,No,Yes,Yes,Yes,Yes,Yes,,Somewhat easy,No,No,Some of them,Some of them,Maybe,Maybe,Yes,No,,21-30
929,2014-08-28 21:33:00,25.0,Male,United States,TX,No,No,No,,100-500,Yes,Yes,Yes,No,No,No,Yes,,No,No,Yes,Yes,Maybe,Maybe,,No,,21-30
930,2014-08-28 21:38:00,31.0,Male,United States,MO,No,Yes,No,Never,100-500,No,Yes,,No,,,,Very easy,No,No,Some of them,Yes,No,No,,No,,31-40
931,2014-08-28 21:41:00,35.0,Female,United States,GA,No,Yes,Yes,Sometimes,6-25,No,No,Yes,,Yes,Yes,Yes,Somewhat difficult,Maybe,Maybe,Some of them,Yes,No,Maybe,Yes,No,* Small family business - YMMV.,31-40
932,2014-08-28 21:47:00,34.0,Male,United States,TX,No,No,No,Often,1-5,No,Yes,,No,No,Yes,,Very easy,No,No,Some of them,Yes,No,Maybe,Yes,No,* Small family business - YMMV.,31-40
933,2014-08-28 22:16:00,43.0,Male,United States,WA,No,No,Yes,Sometimes,100-500,Yes,Yes,Yes,Yes,No,Yes,Yes,Very difficult,Yes,Maybe,Some of them,No,No,Maybe,No,Yes,* Small family business - YMMV.,41-50
934,2014-08-28 22:17:00,38.0,Male,United States,WA,No,Yes,Yes,Sometimes,100-500,No,Yes,No,,No,No,,Very difficult,Yes,Yes,No,Some of them,No,Maybe,No,No,* Small family business - YMMV.,31-40
935,2014-08-28 22:18:00,26.0,Male,United States,WA,No,Yes,Yes,Sometimes,1000+,No,Yes,,,No,Yes,Yes,Very difficult,Maybe,No,Some of them,Some of them,Yes,Yes,No,Yes,* Small family business - YMMV.,21-30
936,2014-08-28 22:20:00,38.0,Male,United Kingdom,,Yes,Yes,Yes,Rarely,1-5,Yes,No,No,No,No,No,Yes,Very difficult,Maybe,No,No,No,No,No,No,No,,31-40
937,2014-08-28 22:22:00,42.0,Male,United States,TX,No,No,Yes,Often,6-25,No,Yes,,No,No,,,,Yes,Maybe,No,No,No,Maybe,,No,,41-50
938,2014-08-28 22:23:00,33.0,Male,Netherlands,,No,Yes,Yes,,6-25,No,Yes,,No,No,,,,No,No,Yes,Yes,Maybe,Maybe,Yes,Yes,,31-40
939,2014-08-28 22:35:00,32.0,Male,United States,WA,No,No,Yes,Rarely,1000+,No,Yes,Yes,Yes,Yes,Yes,Yes,Somewhat easy,Maybe,No,Some of them,Some of them,No,No,,No,,31-40
940,2014-08-28 22:39:00,44.0,Male,United States,WA,No,Yes,Yes,Sometimes,6-25,Yes,Yes,Yes,Yes,Yes,Yes,Yes,Somewhat difficult,Maybe,Maybe,Some of them,Yes,No,Maybe,No,No,,41-50
941,2014-08-28 22:46:00,28.0,Male,United States,WA,No,Yes,Yes,Rarely,1000+,No,Yes,Yes,Yes,,,,,Maybe,No,Some of them,No,No,No,No,No,,21-30
942,2014-08-28 23:03:00,40.0,Male,United States,WA,No,Yes,Yes,Sometimes,1000+,Yes,Yes,Yes,Yes,Yes,Yes,Yes,Very difficult,Yes,No,Some of them,Some of them,No,Maybe,,Yes,,31-40
943,2014-08-28 23:13:00,31.0,Female,United States,AZ,No,Yes,Yes,Sometimes,500-1000,No,Yes,Yes,Yes,No,,Yes,Somewhat easy,Maybe,No,Some of them,Yes,No,No,Yes,No,,31-40
944,2014-08-28 23:16:00,32.0,Male,United States,WA,No,Yes,No,Sometimes,100-500,No,Yes,Yes,Yes,Yes,Yes,,,Yes,No,Some of them,No,No,No,,No,,31-40
945,2014-08-28 23:57:00,28.0,Male,United States,WA,No,Yes,Yes,Sometimes,1000+,No,Yes,,No,,,,Somewhat easy,Maybe,No,Some of them,No,No,Maybe,No,No,,21-30
946,2014-08-29 00:05:00,39.0,Male,United States,AZ,No,Yes,Yes,Often,26-100,No,Yes,Yes,Yes,No,No,Yes,,Yes,No,Some of them,No,No,No,No,No,,31-40
947,2014-08-29 00:06:00,45.0,Male,United States,NY,No,No,No,,1000+,No,No,Yes,Yes,Yes,Yes,,,No,No,Some of them,Some of them,No,No,Yes,No,,41-50
948,2014-08-29 00:11:00,43.0,Male,United States,WA,No,No,Yes,Rarely,1000+,No,Yes,Yes,Yes,Yes,Yes,,Somewhat easy,No,No,Yes,Yes,Maybe,Yes,Yes,No,I have an exceptional employer. I haven't run into problems with any employer I've had but consider myself lucky.,41-50
949,2014-08-29 00:41:00,35.0,Male,United States,CA,No,No,Yes,Sometimes,1000+,No,Yes,Yes,Yes,,Yes,,Very difficult,Maybe,Maybe,Some of them,Some of them,No,No,,No,,31-40
950,2014-08-29 00:43:00,40.0,Male,United States,WA,No,Yes,Yes,Sometimes,6-25,No,Yes,Yes,Yes,,,Yes,Very easy,Maybe,No,Some of them,Some of them,No,No,,No,,31-40
951,2014-08-29 00:47:00,34.0,Male,Netherlands,,No,No,Yes,Rarely,26-100,No,Yes,No,Yes,No,No,Yes,Very easy,No,No,Yes,Yes,Maybe,Maybe,Yes,No,,31-40
952,2014-08-29 01:14:00,24.0,Male,United Kingdom,,No,Yes,Yes,Often,26-100,No,No,,Yes,No,No,No,Somewhat easy,Yes,Maybe,Some of them,Yes,No,Maybe,No,Yes,,21-30
953,2014-08-29 01:20:00,61.0,Male,South Africa,,Yes,No,Yes,Sometimes,1-5,Yes,Yes,No,No,No,No,,Very difficult,Yes,Maybe,Some of them,Yes,No,Maybe,No,Yes,,61+
954,2014-08-29 01:40:00,36.0,Female,United States,WA,No,Yes,Yes,Rarely,6-25,No,Yes,,No,No,,,,Yes,Maybe,Some of them,No,No,No,,No,,31-40
955,2014-08-29 02:10:00,38.0,Male,United States,TN,No,No,No,,6-25,No,Yes,No,No,No,No,Yes,,Maybe,No,Some of them,Yes,Maybe,Maybe,,No,Some of these should not be required.,31-40
956,2014-08-29 02:24:00,33.0,Male,Germany,,No,Yes,Yes,Often,26-100,No,Yes,,,Yes,No,Yes,Somewhat easy,No,No,Some of them,Yes,Yes,Yes,Yes,No,,31-40
957,2014-08-29 03:02:00,30.0,Male,United States,WA,No,Yes,No,Never,1000+,No,No,,No,No,,,,Yes,Maybe,No,No,No,No,No,No,,21-30
958,2014-08-29 03:02:00,34.0,Male,Netherlands,,Yes,Yes,Yes,Rarely,1-5,Yes,Yes,Yes,Yes,Yes,Yes,Yes,Very easy,No,No,Yes,Some of them,No,Maybe,Yes,No,Though I'm in the Netherlands and chose that country from the list quite some questions are strongly geared towards the US. Over here people don't need benefits from their employer because we pay enough taxes for the government to pay for treatment of any physical or mental condition. We don't need employer approval for medical leave; that's something a qualified medical professional decides (and while on leave we still get paid our salaries something the employer can get insurance for). I answered yes to questions about these things meaning it's covered not it's covered by my employer.,31-40
959,2014-08-29 03:08:00,26.0,Male,United States,CA,No,No,Yes,Rarely,1000+,No,Yes,Yes,,,,,,No,No,Some of them,Some of them,No,Maybe,No,No,,21-30
960,2014-08-29 04:39:00,33.0,Male,United Kingdom,,No,No,No,,1000+,No,Yes,,,,,,,No,No,Some of them,Yes,Maybe,Maybe,,No,,31-40
961,2014-08-29 04:53:00,32.0,Male,United Kingdom,,No,No,No,,6-25,No,Yes,,No,No,No,,Very easy,No,No,No,Yes,No,Maybe,No,No,,31-40
962,2014-08-29 05:15:00,25.0,Male,Germany,,Yes,No,No,Sometimes,6-25,Yes,Yes,No,Yes,No,No,Yes,Somewhat easy,No,No,Some of them,Yes,Yes,Yes,Yes,No,,21-30
963,2014-08-29 05:24:00,35.0,Male,Germany,,Yes,No,Yes,Sometimes,26-100,Yes,No,,No,No,No,,Somewhat difficult,Yes,Maybe,Yes,No,No,Maybe,,No,,31-40
964,2014-08-29 05:39:00,24.0,Male,United Kingdom,,Yes,Yes,No,Often,1-5,Yes,Yes,,,No,No,,,Maybe,No,Some of them,Some of them,No,Maybe,,No,,21-30
965,2014-08-29 05:47:00,55.0,Male,United Kingdom,,No,No,Yes,Often,1000+,No,No,Yes,Yes,Yes,Yes,,Somewhat easy,Yes,Maybe,No,Some of them,No,Maybe,No,Yes,,51-60
966,2014-08-29 05:54:00,33.0,Male,United Kingdom,,Yes,Yes,Yes,Sometimes,1-5,Yes,Yes,No,Yes,No,No,No,Very difficult,Yes,Maybe,Some of them,Some of them,No,Maybe,No,Yes,,31-40
967,2014-08-29 05:57:00,26.0,Female,United Kingdom,,Yes,Yes,Yes,Sometimes,1-5,Yes,Yes,No,No,No,No,,Very easy,Maybe,No,Some of them,Yes,No,Maybe,Yes,No,I am a Trans woman and suffer from depression relating to that. I'm a contractor so I've answered the questions as relating to my current contract.,21-30
968,2014-08-29 06:06:00,25.0,Male,United Kingdom,,No,No,No,Never,6-25,Yes,Yes,,,,,,Very easy,No,No,Yes,Yes,No,No,,No,,21-30
969,2014-08-29 06:37:00,45.0,Male,United Kingdom,,No,Yes,No,Rarely,100-500,No,No,,No,No,No,,,Maybe,No,Some of them,No,No,Maybe,,No,,41-50
970,2014-08-29 06:42:00,33.0,Female,United Kingdom,,Yes,No,Yes,Sometimes,1-5,Yes,Yes,No,Yes,Yes,Yes,Yes,Very easy,No,No,Some of them,Yes,No,No,,No,,31-40
971,2014-08-29 07:12:00,43.0,Male,United States,MI,No,No,No,Sometimes,1000+,Yes,Yes,No,,No,No,,Very difficult,Yes,Maybe,No,No,No,Maybe,No,Yes,,41-50
972,2014-08-29 07:21:00,30.0,Male,United Kingdom,,Yes,No,Yes,Sometimes,6-25,No,Yes,No,Yes,No,No,No,Very difficult,Yes,Yes,No,No,No,No,Yes,Yes,,21-30
973,2014-08-29 07:28:00,40.0,Male,United States,IN,No,Yes,Yes,Rarely,6-25,No,Yes,,,No,,,,No,No,Yes,Yes,No,Maybe,,No,,31-40
974,2014-08-29 07:51:00,49.0,Male,United States,GA,No,Yes,No,Never,1000+,No,Yes,Yes,Yes,Yes,Yes,Yes,,No,No,Yes,Yes,No,No,Yes,No,Thank you for shining a light on this topic.,41-50
975,2014-08-29 08:26:00,29.0,Male,Germany,,No,No,No,,6-25,No,Yes,,,No,No,,Somewhat easy,No,No,Some of them,Yes,Maybe,Yes,,No,,21-30
976,2014-08-29 08:36:00,26.0,Male,Germany,,No,No,No,,500-1000,No,Yes,,No,,,,,No,No,Some of them,Some of them,Maybe,Maybe,,No,,21-30
977,2014-08-29 08:46:00,38.0,Male,United States,WA,No,No,No,Never,1000+,No,Yes,Yes,Yes,Yes,Yes,Yes,Somewhat easy,Maybe,Maybe,Some of them,Some of them,No,Maybe,No,Yes,,31-40
978,2014-08-29 08:53:00,27.0,Male,France,,No,Yes,No,,500-1000,No,No,Yes,Yes,,No,Yes,Somewhat easy,Maybe,Maybe,No,Some of them,No,Maybe,,Yes,,21-30
979,2014-08-29 08:54:00,26.0,Male,Belgium,,No,No,No,Never,6-25,No,Yes,Yes,No,No,No,No,Somewhat easy,Maybe,No,No,No,No,No,,No,,21-30
980,2014-08-29 08:57:00,28.0,Male,United Kingdom,,No,Yes,Yes,Often,26-100,No,Yes,No,No,No,No,,Somewhat easy,Maybe,Maybe,Yes,Yes,No,No,No,No,,21-30
981,2014-08-29 08:57:00,40.0,Male,United States,ME,No,Yes,Yes,Sometimes,1-5,Yes,Yes,No,No,No,No,,,Maybe,Maybe,Some of them,Yes,No,Maybe,No,No,,31-40
982,2014-08-29 08:59:00,37.0,Female,Canada,,Yes,Yes,Yes,Rarely,1-5,Yes,Yes,No,Yes,No,No,Yes,Somewhat easy,Yes,Maybe,Some of them,Some of them,Maybe,Maybe,,Yes,,31-40
983,2014-08-29 08:59:00,34.0,Female,United Kingdom,,No,Yes,Yes,Often,26-100,Yes,No,Yes,Yes,No,Yes,No,Somewhat easy,Yes,Yes,Some of them,No,No,No,,No,,31-40
984,2014-08-29 09:01:00,28.0,Male,United States,NY,No,Yes,Yes,Often,100-500,No,Yes,,,No,,,,Maybe,No,Some of them,Some of them,No,Yes,,No,,21-30
985,2014-08-29 09:01:00,27.0,Male,Canada,,No,No,No,Never,26-100,No,Yes,Yes,,Yes,No,Yes,Very easy,No,No,Yes,Yes,Maybe,Maybe,Yes,No,,21-30
986,2014-08-29 09:02:00,29.0,Male,United Kingdom,,No,No,Yes,Sometimes,6-25,Yes,Yes,No,No,No,No,,Very easy,No,No,Yes,Yes,No,Yes,Yes,No,,21-30
987,2014-08-29 09:02:00,39.0,Female,United Kingdom,,No,Yes,No,Rarely,500-1000,Yes,Yes,,,No,No,,Somewhat difficult,Yes,Yes,No,No,No,No,No,Yes,,31-40
988,2014-08-29 09:03:00,28.0,Male,United Kingdom,,No,No,No,Often,6-25,No,Yes,No,No,No,No,No,Somewhat difficult,Yes,No,No,No,No,Yes,Yes,No,,21-30
989,2014-08-29 09:10:00,23.0,Male,United States,PA,No,Yes,No,Sometimes,26-100,No,Yes,Yes,,Yes,Yes,Yes,Somewhat easy,No,No,No,No,No,Maybe,,No,,21-30
990,2014-08-29 09:10:00,,A Little About You,"Bahamas, The",IL,Yes,Yes,Yes,Often,1-5,Yes,Yes,Yes,Yes,Yes,Yes,Yes,Very easy,Yes,Yes,Yes,Yes,Yes,Yes,Yes,Yes,,
991,2014-08-29 09:12:00,38.0,Male,United Kingdom,,No,No,No,,1-5,Yes,Yes,No,No,No,No,Yes,Somewhat easy,No,No,Some of them,Yes,No,No,,No,,31-40
992,2014-08-29 09:13:00,19.0,Male,United Kingdom,,No,No,No,,6-25,No,Yes,Yes,No,No,Yes,,Very easy,No,No,Yes,Yes,No,No,Yes,No,,11-20
993,2014-08-29 09:14:00,30.0,Female,United States,IL,No,Yes,Yes,Sometimes,26-100,No,Yes,Yes,Yes,Yes,,Yes,Very easy,No,No,Some of them,No,No,No,Yes,No,,21-30
994,2014-08-29 09:15:00,28.0,Male,United Kingdom,,Yes,No,No,,1-5,Yes,Yes,No,Yes,No,No,Yes,Very easy,Maybe,Maybe,No,No,No,No,Yes,No,,21-30
995,2014-08-29 09:15:00,20.0,Male,India,,No,No,Yes,Sometimes,26-100,No,Yes,,No,No,No,,,Yes,No,No,No,No,Maybe,Yes,No,,11-20
996,2014-08-29 09:19:00,35.0,Male,United Kingdom,,Yes,No,No,Sometimes,1-5,No,Yes,,,No,,,Somewhat easy,No,No,Some of them,Yes,No,No,,No,,31-40
997,2014-08-29 09:24:00,39.0,Male,United States,MN,No,No,Yes,Rarely,100-500,Yes,Yes,Yes,Yes,No,No,Yes,Very easy,Maybe,No,Some of them,Yes,No,No,,No,,31-40
998,2014-08-29 09:23:00,31.0,Female,United States,TX,No,Yes,No,Never,1000+,No,No,Yes,,No,,,,Yes,Yes,No,No,No,No,,No,,31-40
999,2014-08-29 09:23:00,32.0,Male,United Kingdom,,No,No,No,Rarely,500-1000,No,Yes,No,No,No,No,,,Yes,No,No,No,No,No,,No,,31-40
1000,2014-08-29 09:27:00,27.0,Male,Sweden,,No,No,No,,6-25,No,Yes,No,No,No,No,,,No,No,No,No,No,No,,No,,21-30
1001,2014-08-29 09:29:00,25.0,Male,United States,PA,No,Yes,Yes,Often,6-25,Yes,Yes,Yes,Yes,No,,Yes,Somewhat easy,No,No,Yes,Yes,Maybe,Maybe,,No,,21-30
1002,2014-08-29 09:31:00,42.0,Male,United States,IN,No,Yes,Yes,Sometimes,6-25,Yes,Yes,,No,No,,,,Maybe,No,Some of them,Yes,No,Maybe,,No,,41-50
1003,2014-08-29 09:31:00,34.0,Male,United States,PA,No,Yes,Yes,Often,100-500,No,Yes,Yes,Yes,No,No,Yes,Very easy,No,No,Yes,Yes,Maybe,Maybe,,No,,31-40
1004,2014-08-29 09:33:00,26.0,Female,United States,OH,No,No,Yes,Sometimes,26-100,Yes,Yes,,No,No,,,,Maybe,No,Some of them,No,Maybe,Maybe,,Yes,,21-30
1005,2014-08-29 09:35:00,35.0,Male,United Kingdom,,No,Yes,Yes,Sometimes,1-5,No,Yes,No,Yes,No,No,Yes,Very easy,Yes,Yes,Some of them,Some of them,No,Maybe,Yes,Yes,,31-40
1006,2014-08-29 09:36:00,34.0,Male,United Kingdom,,No,No,No,Never,500-1000,No,Yes,,No,No,,,Very easy,Maybe,No,Yes,Yes,No,No,Yes,No,,31-40
1007,2014-08-29 09:36:00,38.0,Male,United States,PA,No,Yes,Yes,Sometimes,100-500,Yes,No,Yes,Yes,No,Yes,Yes,Very easy,No,No,Yes,Yes,Yes,Yes,,No,While mental health is a part of our insurance program the UCR is 50% of 140% of medicare which means a solo mental health practitioner who will charge in my area $150-$180 a session will only result in a $45-$60 reimbursement and thus a very high out of pocket expense. This usage of a different schedule for UCR and often the lower rate is very hard to determine before purchasing insurance even in the new health insurance exchanges.,31-40
1008,2014-08-29 09:40:00,34.0,Male,United States,SD,No,No,No,Sometimes,100-500,No,Yes,,No,No,No,,,Yes,No,Some of them,No,No,Maybe,,No,,31-40
1009,2014-08-29 09:42:00,39.0,Male,United States,IN,No,Yes,Yes,Sometimes,6-25,Yes,Yes,No,Yes,No,No,Yes,Somewhat easy,No,No,Some of them,Yes,Maybe,Yes,Yes,No,,31-40
1010,2014-08-29 09:46:00,44.0,Female,United States,CA,No,No,No,,100-500,No,Yes,,,No,No,,,Yes,No,No,No,No,No,,No,,41-50
1011,2014-08-29 09:47:00,40.0,Male,United States,TN,No,No,No,,1000+,No,No,Yes,Yes,Yes,Yes,Yes,,Maybe,No,No,Yes,No,No,,No,,31-40
1012,2014-08-29 09:47:00,33.0,Female,United States,TX,Yes,No,No,Never,1-5,Yes,Yes,No,Yes,,,Yes,Somewhat easy,Maybe,No,No,Some of them,No,No,Yes,No,,31-40
1013,2014-08-29 09:51:00,24.0,Female,United States,TN,No,Yes,No,Sometimes,1000+,No,No,Yes,Yes,No,,,Somewhat difficult,Yes,Maybe,Some of them,Some of them,No,No,No,Yes,,21-30
1014,2014-08-29 09:53:00,38.0,Female,United States,OR,No,Yes,No,Sometimes,26-100,Yes,Yes,,,,,,,No,No,Some of them,Yes,No,No,,No,,31-40
1015,2014-08-29 09:53:00,31.0,Male,United States,SD,No,No,No,Sometimes,1000+,No,Yes,Yes,,Yes,Yes,Yes,,Yes,Maybe,Some of them,Some of them,No,Maybe,Yes,No,,31-40
1016,2014-08-29 09:54:00,23.0,Male,Israel,,No,No,No,,100-500,No,Yes,,,No,No,Yes,Very easy,Maybe,No,Some of them,Yes,Maybe,Yes,,No,,21-30
1017,2014-08-29 09:54:00,26.0,Female,United States,NY,No,No,No,,6-25,No,Yes,,,No,No,,Somewhat easy,No,No,Yes,Yes,No,Maybe,Yes,No,,21-30
1018,2014-08-29 09:58:00,46.0,Female,United States,CT,No,No,Yes,Often,1000+,No,No,Yes,Yes,Yes,Yes,,,Yes,No,Some of them,Some of them,No,No,No,Yes,,41-50
1019,2014-08-29 09:59:00,30.0,Male,United States,CA,No,Yes,Yes,Sometimes,26-100,Yes,Yes,Yes,No,No,No,,,Maybe,No,Some of them,No,No,Maybe,,No,,21-30
1020,2014-08-29 10:03:00,25.0,Male,United States,,No,No,No,Rarely,26-100,Yes,Yes,,No,No,No,,Somewhat easy,Yes,No,Some of them,Some of them,No,Yes,,Yes,My work is using my brain. I do it incredibly well.I make an effort to avoid diagnosis of anything mental health related because I am convinced it would only affect me negatively.,21-30
1021,2014-08-29 10:05:00,19.0,Male,Canada,,No,No,No,Never,26-100,Yes,Yes,,No,No,No,,Somewhat easy,No,No,Some of them,Some of them,No,Maybe,No,No,,11-20
1022,2014-08-29 10:06:00,30.0,Female,United States,GA,No,Yes,Yes,Sometimes,500-1000,No,No,Yes,Yes,Yes,Yes,Yes,Somewhat easy,Maybe,Maybe,Some of them,Some of them,No,No,No,Yes,,21-30
1023,2014-08-29 10:12:00,32.0,Male,United States,TN,No,No,No,Never,6-25,No,Yes,Yes,Yes,Yes,Yes,,Somewhat easy,No,No,Yes,Yes,No,Maybe,Yes,No,,31-40
1024,2014-08-29 10:13:00,32.0,Male,United Kingdom,,No,No,No,,6-25,No,Yes,No,No,No,No,,,Maybe,Maybe,No,No,No,Maybe,,No,,31-40
1025,2014-08-29 10:13:00,37.0,Male,United States,IN,No,Yes,No,Sometimes,26-100,Yes,Yes,,No,No,No,,Somewhat easy,Maybe,No,Some of them,Some of them,No,Maybe,No,No,My employer is extremely easy to work with and e.g. I have enormous leeway with flex time so I could take care of myself under that umbrella but I don't know and don't have a history of bring up mental health at the workplace so I am cautious in that area.,31-40
1026,2014-08-29 10:16:00,42.0,Male,United States,CA,No,Yes,Yes,Sometimes,6-25,Yes,Yes,,No,No,,,,Maybe,Maybe,Some of them,Some of them,No,No,,No,,41-50
1027,2014-08-29 10:27:00,25.0,Female,United States,OR,No,No,No,Never,1000+,No,Yes,Yes,Yes,Yes,Yes,,,Maybe,No,Some of them,Yes,Maybe,No,Yes,No,,21-30
1028,2014-08-29 10:30:00,19.0,Male,United States,IN,No,No,No,Sometimes,1-5,No,Yes,,,No,No,,,No,No,Some of them,Yes,Maybe,Maybe,,No,,11-20
1029,2014-08-29 10:32:00,40.0,Female,United States,GA,No,Yes,No,Never,100-500,Yes,Yes,Yes,Yes,Yes,No,,,Yes,Yes,No,No,No,No,,No,,31-40
1030,2014-08-29 10:33:00,34.0,Male,United States,IN,No,No,No,,1000+,No,No,Yes,,Yes,,,,Maybe,Maybe,Some of them,Yes,No,No,,No,,31-40
1031,2014-08-29 10:38:00,26.0,Male,United States,MN,No,Yes,No,,6-25,No,Yes,,,No,No,,,No,No,Some of them,Yes,No,No,Yes,No,,21-30
1032,2014-08-29 10:38:00,31.0,Male,United States,MN,No,Yes,Yes,Rarely,6-25,No,Yes,,,,,Yes,,No,No,Yes,Yes,Maybe,Maybe,Yes,No,,31-40
1033,2014-08-29 10:55:00,40.0,Male,United States,NC,No,Yes,No,Sometimes,1000+,Yes,No,Yes,,Yes,,,,Yes,Maybe,Some of them,Some of them,No,Maybe,No,No,,31-40
1034,2014-08-29 10:59:00,31.0,Female,United States,FL,No,Yes,Yes,Often,26-100,No,Yes,No,No,No,No,No,Very difficult,Yes,No,No,No,No,Yes,No,Yes,,31-40
1035,2014-08-29 11:01:00,36.0,Male,United States,MN,No,No,No,Never,100-500,No,No,,No,No,,,,Yes,Maybe,No,No,No,Maybe,,Yes,,31-40
1036,2014-08-29 11:02:00,35.0,Male,Canada,,No,Yes,No,Sometimes,6-25,Yes,Yes,No,Yes,No,No,,,Maybe,No,No,Some of them,No,No,,No,,31-40
1037,2014-08-29 11:04:00,26.0,Male,Australia,,No,Yes,Yes,Sometimes,26-100,Yes,Yes,No,No,No,No,Yes,,No,No,Yes,Yes,No,Maybe,Yes,No,The questions related to employer-provided health benefits are largely irrelevant to where I live Australia so I'd discount them.,21-30
1038,2014-08-29 11:05:00,44.0,Male,United States,MO,No,No,No,,1000+,Yes,No,,No,,,Yes,,Yes,No,Some of them,No,No,No,No,No,,41-50
1039,2014-08-29 11:11:00,34.0,Female,United States,CA,No,No,No,Sometimes,1-5,No,Yes,No,,No,No,,Very easy,No,No,Some of them,Yes,No,Maybe,Yes,No,,31-40
1040,2014-08-29 11:12:00,35.0,Male,United States,OR,No,No,No,,6-25,Yes,Yes,No,No,No,No,,,No,No,No,No,No,No,,No,,31-40
1041,2014-08-29 11:19:00,28.0,Female,United States,OH,No,Yes,Yes,Sometimes,26-100,Yes,Yes,,No,No,No,,Somewhat easy,Yes,No,Some of them,Some of them,No,Maybe,No,No,,21-30
1042,2014-08-29 11:20:00,33.0,Male,United States,NY,No,No,No,,6-25,Yes,Yes,Yes,No,,Yes,Yes,,No,No,Some of them,Yes,No,No,Yes,No,,31-40
1043,2014-08-29 11:20:00,40.0,Male,United States,WI,No,Yes,Yes,Sometimes,1000+,Yes,Yes,Yes,Yes,No,Yes,,,Yes,No,No,No,No,Maybe,,No,,31-40
1044,2014-08-29 11:20:00,26.0,Male,United States,WA,No,No,Yes,Sometimes,6-25,No,Yes,Yes,Yes,No,No,Yes,,Maybe,No,Some of them,No,No,Maybe,,No,,21-30
1045,2014-08-29 11:22:00,29.0,Female,United Kingdom,,No,No,Yes,Often,1000+,No,No,Yes,Yes,No,No,,,Maybe,No,Some of them,No,No,Yes,No,Yes,,21-30
1046,2014-08-29 11:23:00,26.0,Female,Canada,,No,Yes,Yes,Sometimes,100-500,No,Yes,Yes,,No,No,Yes,,Maybe,No,Some of them,No,No,Maybe,,No,,21-30
1047,2014-08-29 11:24:00,33.0,Malr,Italy,,No,Yes,Yes,Sometimes,6-25,No,Yes,No,,No,No,,Somewhat easy,No,No,Some of them,Yes,No,No,,No,I suffered of panic attacks and agoraphobia for about 10 years.,31-40
1048,2014-08-29 11:25:00,28.0,Male,Brazil,,No,Yes,No,Sometimes,100-500,No,Yes,No,No,No,No,,Somewhat easy,No,No,Some of them,Some of them,No,No,,Yes,,21-30
